[
{
  "model": "billboard.section",
  "pk": 1,
  "fields": {
    "name": "Prosa",
    "slug": "prosa",
    "default_price_full": "10",
    "default_price_reduced": "7"
  }
},
{
  "model": "billboard.section",
  "pk": 2,
  "fields": {
    "name": "Teatro Civile",
    "slug": "teatro-civile",
    "default_price_full": "0",
    "default_price_reduced": "0"
  }
},
{
  "model": "billboard.section",
  "pk": 3,
  "fields": {
    "name": "Musical",
    "slug": "musical",
    "default_price_full": "10",
    "default_price_reduced": "7"
  }
},
{
  "model": "billboard.section",
  "pk": 4,
  "fields": {
    "name": "Musica",
    "slug": "musica",
    "default_price_full": "10",
    "default_price_reduced": "7"
  }
},
{
  "model": "billboard.siaetype",
  "pk": 1,
  "fields": {
    "code": "45",
    "description": "Teatro prosa",
    "iva": 10
  }
},
{
  "model": "billboard.siaetype",
  "pk": 2,
  "fields": {
    "code": "46",
    "description": "Teatro prosa dial.",
    "iva": 10
  }
},
{
  "model": "billboard.siaetype",
  "pk": 3,
  "fields": {
    "code": "47",
    "description": "Teatro rep. nap.",
    "iva": 10
  }
},
{
  "model": "billboard.siaetype",
  "pk": 4,
  "fields": {
    "code": "49",
    "description": "Balletto class. mod",
    "iva": 10
  }
},
{
  "model": "billboard.siaetype",
  "pk": 5,
  "fields": {
    "code": "50",
    "description": "Operetta",
    "iva": 10
  }
},
{
  "model": "billboard.siaetype",
  "pk": 6,
  "fields": {
    "code": "51",
    "description": "Riviste-commedie musicali",
    "iva": 10
  }
},
{
  "model": "billboard.siaetype",
  "pk": 7,
  "fields": {
    "code": "54",
    "description": "Arte varia (IVA 10%)",
    "iva": 10
  }
},
{
  "model": "billboard.siaetype",
  "pk": 8,
  "fields": {
    "code": "56",
    "description": "Recitals letterari",
    "iva": 10
  }
},
{
  "model": "billboard.show",
  "pk": 1,
  "fields": {
    "shw_title": "...C'era una fiaba",
    "shw_theater_company": "Defibriller",
    "shw_author": "Defibriller",
    "shw_director": "Defibriller",
    "slug": "cera-una-fiaba",
    "description": "I Defibriller sono Angela, Silvia, Duilio e Matteo, quattro amici che dopo un periodo di militanza in una compagnia teatrale di Musical, hanno pensato di creare un quartetto vocale, prendendo come modello le belle parodie del Quartetto Cetra ed alcuni lavori degli Oblivion, realizzando una simpatica performance di varietà con un incoraggiante riscontro dal pubblico.\r\nEd ora, replica dopo replica, lo show si arricchisce di nuovi numeri anche originali per offrirvi un momento di divertimento e spensieratezza.\r\nMa perché il nome Defibriller?\r\nLoro raccontano che quando arrivano alle prove stanchi e disfatti dopo una giornata di fatiche, ne escono con una carica pazzesca!\r\nState quindi attenti, accesi e belli carichi anche voi, ne vedrete delle belle!",
    "shw_code": "SHW90823",
    "section": 3,
    "responsible_mail": "anna.gariglio@gmail.com",
    "shw_image": "photos/billboard/defibriller_uGiwL8x.jpg",
    "siaetype": 6,
    "is_in_billboard": true,
    "is_active": true
  }
},
{
  "model": "billboard.show",
  "pk": 2,
  "fields": {
    "shw_title": "Il marito di mio figlio",
    "shw_theater_company": "Thealtro",
    "shw_author": "Daniele Falleri",
    "shw_director": "Cristina Robasto",
    "slug": "il-marito-di-mio-figlio",
    "description": "Classica commedia degli equivoci con il ritmo del più classico dei Vaudeville… che affronta un tabù moderno, ovvero “Il matrimonio gay”. Domani Giorgino e Michele (alias George & Michael) si sposano. Presi all’ultimo da uno scrupolo di coscienza, decidono di affrontare i rispettivi genitori convocandoli in casa loro per comunicargli la notizia.\r\nMa la rivelazione della propria omosessualità crea uno scompiglio che va oltre l’immaginazione dei due futuri sposi.\r\nUn abile stravolgimento di fronte porta ad un’escalation di colpi di scena e di situazioni comico/paradossali che ricalcano, a tratti, i dettami della commedia all’italiana. Le nozze saltano a colpi di sessualità confuse, amanti inaspettati, relazioni segrete e intrecci etero/omosessuali che non risparmiano neanche i genitori della ormai scoppiata coppia.\r\nLa commedia nel più puro stile del Vaudeville è occasione per Thealtro di leggere ed affrontare aspetti della vita affettiva che possono toccare tutti in modo trasversale ai generi, alle identità ed agli orientamenti sessuali, nell’ottica più “semplice” di tutte: quella della normalità dell’amore.\r\nLa messa in scena punta, nel rispetto del testo originale, ad accompagnare lo spettatore attraverso le situazioni paradossali, tragicomiche e talora assurde che accompagnano due giovani sposi nel cammino verso l’altare, e poco importa alla fine che risuoni e rimbombi in teatro la frase: Vi dichiaro marito e… Marito! E allora… se matrimonio ha da essere che matrimonio sia! Lontano dagli stereotipi e dall’eccesso per cui il panorama lgbt è spesso conosciuto, questo allestimento ne esalta invece il sapore più leggero, anche nei confronti delle situazioni più “spinose” e sulle quali forse pochi riderebbero.",
    "shw_code": "SHW90824",
    "section": 1,
    "responsible_mail": "antogianchi@gmail.com",
    "shw_image": "photos/billboard/lmaritodimiofiglio_RSO3MKe.png",
    "siaetype": 1,
    "is_in_billboard": true,
    "is_active": true
  }
},
{
  "model": "billboard.show",
  "pk": 3,
  "fields": {
    "shw_title": "Madre Courage e i suoi figli",
    "shw_theater_company": "Laboratorio Teatrale di Cambiano",
    "shw_author": "Bertolt Bracht",
    "shw_director": "Beppe Miletto",
    "slug": "madre-courage-e-i-suoi-figli",
    "description": "Madre Coraggio e i suoi figli\r\n\r\nAutore\tBertolt Brecht\r\nTitolo originale\tMutter Courage und ihre Kinder\r\n\r\nLingua originale\tTedesco\r\nComposto nel\t1938-1939\r\nPrima assoluta\t19 aprile 1941\r\nSchauspielhaus di Zurigo\r\nMadre Courage e i suoi figli (sottotitolo: Cronaca della guerra dei Trent'anni), sovente tradotto in Italia in Madre Coraggio e i suoi figli è uno dei capolavori di Bertolt Brecht che scrisse questo testo destinato al teatro fra il 1938 ed il 1939. Lo spettacolo andò in scena la prima volta a Zurigo nel 1941.\r\n\r\nScritto proprio alla vigilia della seconda guerra mondiale, il testo risulta essere una denuncia di tutte le guerre e degli orrori che esse producono. Sull'intento politico-ideologico prevale qui l'intento realistico di Brecht, che rappresenta la mentalità degli oppressi e le sue terribili contraddizioni.\r\n\r\nIl personaggio della protagonista e il soggetto sono ispirati alla Vita dell'arcitruffatrice e vagabonda Courasche (Lebensbeschreibung der Landstörzerin Courasche) di Hans Jakob Christoffel von Grimmelshausen.",
    "shw_code": "SHW90906",
    "section": 1,
    "responsible_mail": "piemore@hotmail.it",
    "shw_image": "photos/billboard/mutter_courage.png",
    "siaetype": 1,
    "is_in_billboard": true,
    "is_active": true
  }
},
{
  "model": "billboard.show",
  "pk": 4,
  "fields": {
    "shw_title": "I sonnambuli",
    "shw_theater_company": "Laboratorio Teatrale di Cambiano",
    "shw_author": "Hermann Broch",
    "shw_director": "FXF",
    "slug": "i-sonnambuli",
    "description": "«Inserire epoche storiche tanto diverse in una sola composizione», ha scritto Milan Kundera, è «una delle nuove possibilità, un tempo inconcepibili, che si sono aperte all’arte del romanzo del XX secolo non ap­pena ha saputo superare i limiti della fasci­nazione per le psicologie individuali e dedicarsi alla problematica esistenziale nel­l’accezione più ampia, generale, sovraindi­viduale della parola»; per poi proseguire: «...faccio riferimento ai Sonnambuli, dove Hermann Broch, per mostrarci l’esistenza europea travolta dal torrente della “degra­dazione dei valori”, si sofferma su tre distin­te epoche storiche: i tre gradini che l’Euro­pa scendeva verso il crollo finale della sua cultura e della sua ragion d’essere». Un torrente che parte, in questo primo pan­nello della trilogia romanzesca di Broch, dal tardo Ottocento, con lo smarrito Joa­chim von Pasenow, giovane Junker prussia­no, incerto se trasgredire i doveri di fami­glia e vivere alla giornata con la piccola Ru­zena, entraîneuse incontrata allo Jaeger­kasino, a Berlino, oppure seguire la via dell’«onore» e della tradizione, e chiedere in sposa l’avvenente Elisabeth, figlia di un proprietario terriero.\r\nMa è soprattutto nella forma letteraria, ag­giunge ancora Kundera, che Broch ha osa­to l’innovazione più audace, facendo en­trare nel romanzo il pensiero: una riflessio­ne che si rivela «tenacemente autonoma rispetto a ogni sistema di idee precostitui­te; non giudica; non proclama verità; si interroga, si stupisce, sonda; assume le forme più diverse: metaforica, ironica, ipotetica, iperbolica, aforistica, divertente, provoca­toria, estrosa; e soprattutto: non abbando­na mai il cerchio magico della vita dei per­sonaggi; è la vita dei personaggi ad alimen­tarla».",
    "shw_code": "SHW90907",
    "section": 1,
    "responsible_mail": "beppe.miletto@gmail.com",
    "shw_image": "photos/billboard/isonnambuli.png",
    "siaetype": 1,
    "is_in_billboard": true,
    "is_active": true
  }
},
{
  "model": "billboard.show",
  "pk": 5,
  "fields": {
    "shw_title": "Ciao Sergio Vassallo",
    "shw_theater_company": "Laboratorio Teatrale di Cambiano",
    "shw_author": "Roberto Russello",
    "shw_director": "Roberto Russello",
    "slug": "ciao-sergio-vassallo",
    "description": "Spettacolo in memoria di Sergio Vassallo",
    "shw_code": "SHW90810",
    "section": 1,
    "responsible_mail": "roberto.russello@gmail.com",
    "shw_image": "photos/billboard/sergio.jpg",
    "siaetype": 7,
    "is_in_billboard": true,
    "is_active": true
  }
},
{
  "model": "billboard.venue",
  "pk": 1,
  "fields": {
    "name": "Teatro Comunale di Cambiano",
    "slug": "teatro-comunale-di-cambiano",
    "address": "Via Lame 4 - 10020 Cambiano (TO)",
    "capacity": 234,
    "ba_code_siae": "0050450366484",
    "local_code_siae": "045"
  }
},
{
  "model": "billboard.venue",
  "pk": 2,
  "fields": {
    "name": "Biblioteca Civica",
    "slug": "biblioteca-civica",
    "address": "Via Luigi Lagrange 1 - 10020 Cambiano (TO)",
    "capacity": 100,
    "ba_code_siae": "0050451726520",
    "local_code_siae": "045"
  }
},
{
  "model": "boxoffice.paymentmethod",
  "pk": 1,
  "fields": {
    "name": "Cash",
    "slug": "cash",
    "code": null,
    "account_type": 0,
    "commission_model": 0
  }
},
{
  "model": "boxoffice.paymentmethod",
  "pk": 2,
  "fields": {
    "name": "Satispay",
    "slug": "satispay",
    "code": null,
    "account_type": 2,
    "commission_model": 2
  }
},
{
  "model": "boxoffice.paymentmethod",
  "pk": 3,
  "fields": {
    "name": "Sumup",
    "slug": "sumup",
    "code": null,
    "account_type": 3,
    "commission_model": 1
  }
},
{
  "model": "boxoffice.paymentmethod",
  "pk": 4,
  "fields": {
    "name": "Bonifico",
    "slug": "bonifico",
    "code": null,
    "account_type": 1,
    "commission_model": 0
  }
},
{
  "model": "hall.seat",
  "pk": 1,
  "fields": {
    "name": "A05",
    "row": "A",
    "num_in_row": "5",
    "number": 1,
    "active": false
  }
},
{
  "model": "hall.seat",
  "pk": 2,
  "fields": {
    "name": "A06",
    "row": "A",
    "num_in_row": "6",
    "number": 2,
    "active": false
  }
},
{
  "model": "hall.seat",
  "pk": 3,
  "fields": {
    "name": "A07",
    "row": "A",
    "num_in_row": "7",
    "number": 3,
    "active": false
  }
},
{
  "model": "hall.seat",
  "pk": 4,
  "fields": {
    "name": "A08",
    "row": "A",
    "num_in_row": "8",
    "number": 4,
    "active": false
  }
},
{
  "model": "hall.seat",
  "pk": 5,
  "fields": {
    "name": "A09",
    "row": "A",
    "num_in_row": "9",
    "number": 5,
    "active": false
  }
},
{
  "model": "hall.seat",
  "pk": 6,
  "fields": {
    "name": "A10",
    "row": "A",
    "num_in_row": "10",
    "number": 6,
    "active": false
  }
},
{
  "model": "hall.seat",
  "pk": 7,
  "fields": {
    "name": "A11",
    "row": "A",
    "num_in_row": "11",
    "number": 7,
    "active": false
  }
},
{
  "model": "hall.seat",
  "pk": 8,
  "fields": {
    "name": "A12",
    "row": "A",
    "num_in_row": "12",
    "number": 8,
    "active": false
  }
},
{
  "model": "hall.seat",
  "pk": 9,
  "fields": {
    "name": "A13",
    "row": "A",
    "num_in_row": "13",
    "number": 9,
    "active": false
  }
},
{
  "model": "hall.seat",
  "pk": 10,
  "fields": {
    "name": "A14",
    "row": "A",
    "num_in_row": "14",
    "number": 10,
    "active": false
  }
},
{
  "model": "hall.seat",
  "pk": 11,
  "fields": {
    "name": "A15",
    "row": "A",
    "num_in_row": "15",
    "number": 11,
    "active": false
  }
},
{
  "model": "hall.seat",
  "pk": 12,
  "fields": {
    "name": "A16",
    "row": "A",
    "num_in_row": "16",
    "number": 12,
    "active": false
  }
},
{
  "model": "hall.seat",
  "pk": 13,
  "fields": {
    "name": "A17",
    "row": "A",
    "num_in_row": "17",
    "number": 13,
    "active": false
  }
},
{
  "model": "hall.seat",
  "pk": 14,
  "fields": {
    "name": "A18",
    "row": "A",
    "num_in_row": "18",
    "number": 14,
    "active": false
  }
},
{
  "model": "hall.seat",
  "pk": 15,
  "fields": {
    "name": "B04",
    "row": "B",
    "num_in_row": "4",
    "number": 15,
    "active": false
  }
},
{
  "model": "hall.seat",
  "pk": 16,
  "fields": {
    "name": "B05",
    "row": "B",
    "num_in_row": "5",
    "number": 16,
    "active": false
  }
},
{
  "model": "hall.seat",
  "pk": 17,
  "fields": {
    "name": "B06",
    "row": "B",
    "num_in_row": "6",
    "number": 17,
    "active": false
  }
},
{
  "model": "hall.seat",
  "pk": 18,
  "fields": {
    "name": "B07",
    "row": "B",
    "num_in_row": "7",
    "number": 18,
    "active": false
  }
},
{
  "model": "hall.seat",
  "pk": 19,
  "fields": {
    "name": "B08",
    "row": "B",
    "num_in_row": "8",
    "number": 19,
    "active": false
  }
},
{
  "model": "hall.seat",
  "pk": 20,
  "fields": {
    "name": "B09",
    "row": "B",
    "num_in_row": "9",
    "number": 20,
    "active": false
  }
},
{
  "model": "hall.seat",
  "pk": 21,
  "fields": {
    "name": "B10",
    "row": "B",
    "num_in_row": "10",
    "number": 21,
    "active": false
  }
},
{
  "model": "hall.seat",
  "pk": 22,
  "fields": {
    "name": "B11",
    "row": "B",
    "num_in_row": "11",
    "number": 22,
    "active": false
  }
},
{
  "model": "hall.seat",
  "pk": 23,
  "fields": {
    "name": "B12",
    "row": "B",
    "num_in_row": "12",
    "number": 23,
    "active": false
  }
},
{
  "model": "hall.seat",
  "pk": 24,
  "fields": {
    "name": "B13",
    "row": "B",
    "num_in_row": "13",
    "number": 24,
    "active": false
  }
},
{
  "model": "hall.seat",
  "pk": 25,
  "fields": {
    "name": "B14",
    "row": "B",
    "num_in_row": "14",
    "number": 25,
    "active": false
  }
},
{
  "model": "hall.seat",
  "pk": 26,
  "fields": {
    "name": "B15",
    "row": "B",
    "num_in_row": "15",
    "number": 26,
    "active": false
  }
},
{
  "model": "hall.seat",
  "pk": 27,
  "fields": {
    "name": "B16",
    "row": "B",
    "num_in_row": "16",
    "number": 27,
    "active": false
  }
},
{
  "model": "hall.seat",
  "pk": 28,
  "fields": {
    "name": "B17",
    "row": "B",
    "num_in_row": "17",
    "number": 28,
    "active": false
  }
},
{
  "model": "hall.seat",
  "pk": 29,
  "fields": {
    "name": "B18",
    "row": "B",
    "num_in_row": "18",
    "number": 29,
    "active": false
  }
},
{
  "model": "hall.seat",
  "pk": 30,
  "fields": {
    "name": "C03",
    "row": "C",
    "num_in_row": "3",
    "number": 30,
    "active": true
  }
},
{
  "model": "hall.seat",
  "pk": 31,
  "fields": {
    "name": "C04",
    "row": "C",
    "num_in_row": "4",
    "number": 31,
    "active": true
  }
},
{
  "model": "hall.seat",
  "pk": 32,
  "fields": {
    "name": "C05",
    "row": "C",
    "num_in_row": "5",
    "number": 32,
    "active": true
  }
},
{
  "model": "hall.seat",
  "pk": 33,
  "fields": {
    "name": "C06",
    "row": "C",
    "num_in_row": "6",
    "number": 33,
    "active": true
  }
},
{
  "model": "hall.seat",
  "pk": 34,
  "fields": {
    "name": "C07",
    "row": "C",
    "num_in_row": "7",
    "number": 34,
    "active": true
  }
},
{
  "model": "hall.seat",
  "pk": 35,
  "fields": {
    "name": "C08",
    "row": "C",
    "num_in_row": "8",
    "number": 35,
    "active": true
  }
},
{
  "model": "hall.seat",
  "pk": 36,
  "fields": {
    "name": "C09",
    "row": "C",
    "num_in_row": "9",
    "number": 36,
    "active": true
  }
},
{
  "model": "hall.seat",
  "pk": 37,
  "fields": {
    "name": "C10",
    "row": "C",
    "num_in_row": "10",
    "number": 37,
    "active": true
  }
},
{
  "model": "hall.seat",
  "pk": 38,
  "fields": {
    "name": "C11",
    "row": "C",
    "num_in_row": "11",
    "number": 38,
    "active": true
  }
},
{
  "model": "hall.seat",
  "pk": 39,
  "fields": {
    "name": "C12",
    "row": "C",
    "num_in_row": "12",
    "number": 39,
    "active": true
  }
},
{
  "model": "hall.seat",
  "pk": 40,
  "fields": {
    "name": "C13",
    "row": "C",
    "num_in_row": "13",
    "number": 40,
    "active": true
  }
},
{
  "model": "hall.seat",
  "pk": 41,
  "fields": {
    "name": "C14",
    "row": "C",
    "num_in_row": "14",
    "number": 41,
    "active": true
  }
},
{
  "model": "hall.seat",
  "pk": 42,
  "fields": {
    "name": "C15",
    "row": "C",
    "num_in_row": "15",
    "number": 42,
    "active": true
  }
},
{
  "model": "hall.seat",
  "pk": 43,
  "fields": {
    "name": "C16",
    "row": "C",
    "num_in_row": "16",
    "number": 43,
    "active": true
  }
},
{
  "model": "hall.seat",
  "pk": 44,
  "fields": {
    "name": "C17",
    "row": "C",
    "num_in_row": "17",
    "number": 44,
    "active": true
  }
},
{
  "model": "hall.seat",
  "pk": 45,
  "fields": {
    "name": "C18",
    "row": "C",
    "num_in_row": "18",
    "number": 45,
    "active": true
  }
},
{
  "model": "hall.seat",
  "pk": 46,
  "fields": {
    "name": "D03",
    "row": "D",
    "num_in_row": "3",
    "number": 46,
    "active": true
  }
},
{
  "model": "hall.seat",
  "pk": 47,
  "fields": {
    "name": "D04",
    "row": "D",
    "num_in_row": "4",
    "number": 47,
    "active": true
  }
},
{
  "model": "hall.seat",
  "pk": 48,
  "fields": {
    "name": "D05",
    "row": "D",
    "num_in_row": "5",
    "number": 48,
    "active": true
  }
},
{
  "model": "hall.seat",
  "pk": 49,
  "fields": {
    "name": "D06",
    "row": "D",
    "num_in_row": "6",
    "number": 49,
    "active": true
  }
},
{
  "model": "hall.seat",
  "pk": 50,
  "fields": {
    "name": "D07",
    "row": "D",
    "num_in_row": "7",
    "number": 50,
    "active": true
  }
},
{
  "model": "hall.seat",
  "pk": 51,
  "fields": {
    "name": "D08",
    "row": "D",
    "num_in_row": "8",
    "number": 51,
    "active": true
  }
},
{
  "model": "hall.seat",
  "pk": 52,
  "fields": {
    "name": "D09",
    "row": "D",
    "num_in_row": "9",
    "number": 52,
    "active": true
  }
},
{
  "model": "hall.seat",
  "pk": 53,
  "fields": {
    "name": "D10",
    "row": "D",
    "num_in_row": "10",
    "number": 53,
    "active": true
  }
},
{
  "model": "hall.seat",
  "pk": 54,
  "fields": {
    "name": "D11",
    "row": "D",
    "num_in_row": "11",
    "number": 54,
    "active": true
  }
},
{
  "model": "hall.seat",
  "pk": 55,
  "fields": {
    "name": "D12",
    "row": "D",
    "num_in_row": "12",
    "number": 55,
    "active": true
  }
},
{
  "model": "hall.seat",
  "pk": 56,
  "fields": {
    "name": "D13",
    "row": "D",
    "num_in_row": "13",
    "number": 56,
    "active": true
  }
},
{
  "model": "hall.seat",
  "pk": 57,
  "fields": {
    "name": "D14",
    "row": "D",
    "num_in_row": "14",
    "number": 57,
    "active": true
  }
},
{
  "model": "hall.seat",
  "pk": 58,
  "fields": {
    "name": "D15",
    "row": "D",
    "num_in_row": "15",
    "number": 58,
    "active": true
  }
},
{
  "model": "hall.seat",
  "pk": 59,
  "fields": {
    "name": "D16",
    "row": "D",
    "num_in_row": "16",
    "number": 59,
    "active": true
  }
},
{
  "model": "hall.seat",
  "pk": 60,
  "fields": {
    "name": "D17",
    "row": "D",
    "num_in_row": "17",
    "number": 60,
    "active": true
  }
},
{
  "model": "hall.seat",
  "pk": 61,
  "fields": {
    "name": "D18",
    "row": "D",
    "num_in_row": "18",
    "number": 61,
    "active": true
  }
},
{
  "model": "hall.seat",
  "pk": 62,
  "fields": {
    "name": "E03",
    "row": "E",
    "num_in_row": "3",
    "number": 62,
    "active": true
  }
},
{
  "model": "hall.seat",
  "pk": 63,
  "fields": {
    "name": "E04",
    "row": "E",
    "num_in_row": "4",
    "number": 63,
    "active": true
  }
},
{
  "model": "hall.seat",
  "pk": 64,
  "fields": {
    "name": "E05",
    "row": "E",
    "num_in_row": "5",
    "number": 64,
    "active": true
  }
},
{
  "model": "hall.seat",
  "pk": 65,
  "fields": {
    "name": "E06",
    "row": "E",
    "num_in_row": "6",
    "number": 65,
    "active": true
  }
},
{
  "model": "hall.seat",
  "pk": 66,
  "fields": {
    "name": "E07",
    "row": "E",
    "num_in_row": "7",
    "number": 66,
    "active": true
  }
},
{
  "model": "hall.seat",
  "pk": 67,
  "fields": {
    "name": "E08",
    "row": "E",
    "num_in_row": "8",
    "number": 67,
    "active": true
  }
},
{
  "model": "hall.seat",
  "pk": 68,
  "fields": {
    "name": "E09",
    "row": "E",
    "num_in_row": "9",
    "number": 68,
    "active": true
  }
},
{
  "model": "hall.seat",
  "pk": 69,
  "fields": {
    "name": "E10",
    "row": "E",
    "num_in_row": "10",
    "number": 69,
    "active": true
  }
},
{
  "model": "hall.seat",
  "pk": 70,
  "fields": {
    "name": "E11",
    "row": "E",
    "num_in_row": "11",
    "number": 70,
    "active": true
  }
},
{
  "model": "hall.seat",
  "pk": 71,
  "fields": {
    "name": "E12",
    "row": "E",
    "num_in_row": "12",
    "number": 71,
    "active": true
  }
},
{
  "model": "hall.seat",
  "pk": 72,
  "fields": {
    "name": "E13",
    "row": "E",
    "num_in_row": "13",
    "number": 72,
    "active": true
  }
},
{
  "model": "hall.seat",
  "pk": 73,
  "fields": {
    "name": "E14",
    "row": "E",
    "num_in_row": "14",
    "number": 73,
    "active": true
  }
},
{
  "model": "hall.seat",
  "pk": 74,
  "fields": {
    "name": "E15",
    "row": "E",
    "num_in_row": "15",
    "number": 74,
    "active": true
  }
},
{
  "model": "hall.seat",
  "pk": 75,
  "fields": {
    "name": "E16",
    "row": "E",
    "num_in_row": "16",
    "number": 75,
    "active": true
  }
},
{
  "model": "hall.seat",
  "pk": 76,
  "fields": {
    "name": "E17",
    "row": "E",
    "num_in_row": "17",
    "number": 76,
    "active": true
  }
},
{
  "model": "hall.seat",
  "pk": 77,
  "fields": {
    "name": "E18",
    "row": "E",
    "num_in_row": "18",
    "number": 77,
    "active": true
  }
},
{
  "model": "hall.seat",
  "pk": 78,
  "fields": {
    "name": "F02",
    "row": "F",
    "num_in_row": "2",
    "number": 78,
    "active": true
  }
},
{
  "model": "hall.seat",
  "pk": 79,
  "fields": {
    "name": "F03",
    "row": "F",
    "num_in_row": "3",
    "number": 79,
    "active": true
  }
},
{
  "model": "hall.seat",
  "pk": 80,
  "fields": {
    "name": "F04",
    "row": "F",
    "num_in_row": "4",
    "number": 80,
    "active": true
  }
},
{
  "model": "hall.seat",
  "pk": 81,
  "fields": {
    "name": "F05",
    "row": "F",
    "num_in_row": "5",
    "number": 81,
    "active": true
  }
},
{
  "model": "hall.seat",
  "pk": 82,
  "fields": {
    "name": "F06",
    "row": "F",
    "num_in_row": "6",
    "number": 82,
    "active": true
  }
},
{
  "model": "hall.seat",
  "pk": 83,
  "fields": {
    "name": "F07",
    "row": "F",
    "num_in_row": "7",
    "number": 83,
    "active": true
  }
},
{
  "model": "hall.seat",
  "pk": 84,
  "fields": {
    "name": "F08",
    "row": "F",
    "num_in_row": "8",
    "number": 84,
    "active": true
  }
},
{
  "model": "hall.seat",
  "pk": 85,
  "fields": {
    "name": "F09",
    "row": "F",
    "num_in_row": "9",
    "number": 85,
    "active": true
  }
},
{
  "model": "hall.seat",
  "pk": 86,
  "fields": {
    "name": "F10",
    "row": "F",
    "num_in_row": "10",
    "number": 86,
    "active": true
  }
},
{
  "model": "hall.seat",
  "pk": 87,
  "fields": {
    "name": "F11",
    "row": "F",
    "num_in_row": "11",
    "number": 87,
    "active": true
  }
},
{
  "model": "hall.seat",
  "pk": 88,
  "fields": {
    "name": "F12",
    "row": "F",
    "num_in_row": "12",
    "number": 88,
    "active": true
  }
},
{
  "model": "hall.seat",
  "pk": 89,
  "fields": {
    "name": "F13",
    "row": "F",
    "num_in_row": "13",
    "number": 89,
    "active": true
  }
},
{
  "model": "hall.seat",
  "pk": 90,
  "fields": {
    "name": "F14",
    "row": "F",
    "num_in_row": "14",
    "number": 90,
    "active": true
  }
},
{
  "model": "hall.seat",
  "pk": 91,
  "fields": {
    "name": "F15",
    "row": "F",
    "num_in_row": "15",
    "number": 91,
    "active": true
  }
},
{
  "model": "hall.seat",
  "pk": 92,
  "fields": {
    "name": "F16",
    "row": "F",
    "num_in_row": "16",
    "number": 92,
    "active": true
  }
},
{
  "model": "hall.seat",
  "pk": 93,
  "fields": {
    "name": "F17",
    "row": "F",
    "num_in_row": "17",
    "number": 93,
    "active": true
  }
},
{
  "model": "hall.seat",
  "pk": 94,
  "fields": {
    "name": "F18",
    "row": "F",
    "num_in_row": "18",
    "number": 94,
    "active": true
  }
},
{
  "model": "hall.seat",
  "pk": 95,
  "fields": {
    "name": "F19",
    "row": "F",
    "num_in_row": "19",
    "number": 95,
    "active": true
  }
},
{
  "model": "hall.seat",
  "pk": 96,
  "fields": {
    "name": "G02",
    "row": "G",
    "num_in_row": "2",
    "number": 96,
    "active": true
  }
},
{
  "model": "hall.seat",
  "pk": 97,
  "fields": {
    "name": "G03",
    "row": "G",
    "num_in_row": "3",
    "number": 97,
    "active": true
  }
},
{
  "model": "hall.seat",
  "pk": 98,
  "fields": {
    "name": "G04",
    "row": "G",
    "num_in_row": "4",
    "number": 98,
    "active": true
  }
},
{
  "model": "hall.seat",
  "pk": 99,
  "fields": {
    "name": "G05",
    "row": "G",
    "num_in_row": "5",
    "number": 99,
    "active": true
  }
},
{
  "model": "hall.seat",
  "pk": 100,
  "fields": {
    "name": "G06",
    "row": "G",
    "num_in_row": "6",
    "number": 100,
    "active": true
  }
},
{
  "model": "hall.seat",
  "pk": 101,
  "fields": {
    "name": "G07",
    "row": "G",
    "num_in_row": "7",
    "number": 101,
    "active": true
  }
},
{
  "model": "hall.seat",
  "pk": 102,
  "fields": {
    "name": "G08",
    "row": "G",
    "num_in_row": "8",
    "number": 102,
    "active": true
  }
},
{
  "model": "hall.seat",
  "pk": 103,
  "fields": {
    "name": "G09",
    "row": "G",
    "num_in_row": "9",
    "number": 103,
    "active": true
  }
},
{
  "model": "hall.seat",
  "pk": 104,
  "fields": {
    "name": "G10",
    "row": "G",
    "num_in_row": "10",
    "number": 104,
    "active": true
  }
},
{
  "model": "hall.seat",
  "pk": 105,
  "fields": {
    "name": "G11",
    "row": "G",
    "num_in_row": "11",
    "number": 105,
    "active": true
  }
},
{
  "model": "hall.seat",
  "pk": 106,
  "fields": {
    "name": "G12",
    "row": "G",
    "num_in_row": "12",
    "number": 106,
    "active": true
  }
},
{
  "model": "hall.seat",
  "pk": 107,
  "fields": {
    "name": "G13",
    "row": "G",
    "num_in_row": "13",
    "number": 107,
    "active": true
  }
},
{
  "model": "hall.seat",
  "pk": 108,
  "fields": {
    "name": "G14",
    "row": "G",
    "num_in_row": "14",
    "number": 108,
    "active": true
  }
},
{
  "model": "hall.seat",
  "pk": 109,
  "fields": {
    "name": "G15",
    "row": "G",
    "num_in_row": "15",
    "number": 109,
    "active": true
  }
},
{
  "model": "hall.seat",
  "pk": 110,
  "fields": {
    "name": "G16",
    "row": "G",
    "num_in_row": "16",
    "number": 110,
    "active": true
  }
},
{
  "model": "hall.seat",
  "pk": 111,
  "fields": {
    "name": "G17",
    "row": "G",
    "num_in_row": "17",
    "number": 111,
    "active": true
  }
},
{
  "model": "hall.seat",
  "pk": 112,
  "fields": {
    "name": "G18",
    "row": "G",
    "num_in_row": "18",
    "number": 112,
    "active": true
  }
},
{
  "model": "hall.seat",
  "pk": 113,
  "fields": {
    "name": "G19",
    "row": "G",
    "num_in_row": "19",
    "number": 113,
    "active": true
  }
},
{
  "model": "hall.seat",
  "pk": 114,
  "fields": {
    "name": "H02",
    "row": "H",
    "num_in_row": "2",
    "number": 114,
    "active": true
  }
},
{
  "model": "hall.seat",
  "pk": 115,
  "fields": {
    "name": "H03",
    "row": "H",
    "num_in_row": "3",
    "number": 115,
    "active": true
  }
},
{
  "model": "hall.seat",
  "pk": 116,
  "fields": {
    "name": "H04",
    "row": "H",
    "num_in_row": "4",
    "number": 116,
    "active": true
  }
},
{
  "model": "hall.seat",
  "pk": 117,
  "fields": {
    "name": "H05",
    "row": "H",
    "num_in_row": "5",
    "number": 117,
    "active": true
  }
},
{
  "model": "hall.seat",
  "pk": 118,
  "fields": {
    "name": "H06",
    "row": "H",
    "num_in_row": "6",
    "number": 118,
    "active": true
  }
},
{
  "model": "hall.seat",
  "pk": 119,
  "fields": {
    "name": "H07",
    "row": "H",
    "num_in_row": "7",
    "number": 119,
    "active": true
  }
},
{
  "model": "hall.seat",
  "pk": 120,
  "fields": {
    "name": "H08",
    "row": "H",
    "num_in_row": "8",
    "number": 120,
    "active": true
  }
},
{
  "model": "hall.seat",
  "pk": 121,
  "fields": {
    "name": "H09",
    "row": "H",
    "num_in_row": "9",
    "number": 121,
    "active": true
  }
},
{
  "model": "hall.seat",
  "pk": 122,
  "fields": {
    "name": "H10",
    "row": "H",
    "num_in_row": "10",
    "number": 122,
    "active": true
  }
},
{
  "model": "hall.seat",
  "pk": 123,
  "fields": {
    "name": "H11",
    "row": "H",
    "num_in_row": "11",
    "number": 123,
    "active": true
  }
},
{
  "model": "hall.seat",
  "pk": 124,
  "fields": {
    "name": "H12",
    "row": "H",
    "num_in_row": "12",
    "number": 124,
    "active": true
  }
},
{
  "model": "hall.seat",
  "pk": 125,
  "fields": {
    "name": "H13",
    "row": "H",
    "num_in_row": "13",
    "number": 125,
    "active": true
  }
},
{
  "model": "hall.seat",
  "pk": 126,
  "fields": {
    "name": "H14",
    "row": "H",
    "num_in_row": "14",
    "number": 126,
    "active": true
  }
},
{
  "model": "hall.seat",
  "pk": 127,
  "fields": {
    "name": "H15",
    "row": "H",
    "num_in_row": "15",
    "number": 127,
    "active": true
  }
},
{
  "model": "hall.seat",
  "pk": 128,
  "fields": {
    "name": "H16",
    "row": "H",
    "num_in_row": "16",
    "number": 128,
    "active": true
  }
},
{
  "model": "hall.seat",
  "pk": 129,
  "fields": {
    "name": "H17",
    "row": "H",
    "num_in_row": "17",
    "number": 129,
    "active": true
  }
},
{
  "model": "hall.seat",
  "pk": 130,
  "fields": {
    "name": "H18",
    "row": "H",
    "num_in_row": "18",
    "number": 130,
    "active": true
  }
},
{
  "model": "hall.seat",
  "pk": 131,
  "fields": {
    "name": "H19",
    "row": "H",
    "num_in_row": "19",
    "number": 131,
    "active": true
  }
},
{
  "model": "hall.seat",
  "pk": 132,
  "fields": {
    "name": "I02",
    "row": "I",
    "num_in_row": "2",
    "number": 132,
    "active": true
  }
},
{
  "model": "hall.seat",
  "pk": 133,
  "fields": {
    "name": "I03",
    "row": "I",
    "num_in_row": "3",
    "number": 133,
    "active": true
  }
},
{
  "model": "hall.seat",
  "pk": 134,
  "fields": {
    "name": "I04",
    "row": "I",
    "num_in_row": "4",
    "number": 134,
    "active": true
  }
},
{
  "model": "hall.seat",
  "pk": 135,
  "fields": {
    "name": "I05",
    "row": "I",
    "num_in_row": "5",
    "number": 135,
    "active": true
  }
},
{
  "model": "hall.seat",
  "pk": 136,
  "fields": {
    "name": "I06",
    "row": "I",
    "num_in_row": "6",
    "number": 136,
    "active": true
  }
},
{
  "model": "hall.seat",
  "pk": 137,
  "fields": {
    "name": "I07",
    "row": "I",
    "num_in_row": "7",
    "number": 137,
    "active": true
  }
},
{
  "model": "hall.seat",
  "pk": 138,
  "fields": {
    "name": "I08",
    "row": "I",
    "num_in_row": "8",
    "number": 138,
    "active": true
  }
},
{
  "model": "hall.seat",
  "pk": 139,
  "fields": {
    "name": "I09",
    "row": "I",
    "num_in_row": "9",
    "number": 139,
    "active": true
  }
},
{
  "model": "hall.seat",
  "pk": 140,
  "fields": {
    "name": "I10",
    "row": "I",
    "num_in_row": "10",
    "number": 140,
    "active": true
  }
},
{
  "model": "hall.seat",
  "pk": 141,
  "fields": {
    "name": "I11",
    "row": "I",
    "num_in_row": "11",
    "number": 141,
    "active": true
  }
},
{
  "model": "hall.seat",
  "pk": 142,
  "fields": {
    "name": "I12",
    "row": "I",
    "num_in_row": "12",
    "number": 142,
    "active": true
  }
},
{
  "model": "hall.seat",
  "pk": 143,
  "fields": {
    "name": "I13",
    "row": "I",
    "num_in_row": "13",
    "number": 143,
    "active": true
  }
},
{
  "model": "hall.seat",
  "pk": 144,
  "fields": {
    "name": "I14",
    "row": "I",
    "num_in_row": "14",
    "number": 144,
    "active": true
  }
},
{
  "model": "hall.seat",
  "pk": 145,
  "fields": {
    "name": "I15",
    "row": "I",
    "num_in_row": "15",
    "number": 145,
    "active": true
  }
},
{
  "model": "hall.seat",
  "pk": 146,
  "fields": {
    "name": "I16",
    "row": "I",
    "num_in_row": "16",
    "number": 146,
    "active": true
  }
},
{
  "model": "hall.seat",
  "pk": 147,
  "fields": {
    "name": "I17",
    "row": "I",
    "num_in_row": "17",
    "number": 147,
    "active": true
  }
},
{
  "model": "hall.seat",
  "pk": 148,
  "fields": {
    "name": "I18",
    "row": "I",
    "num_in_row": "18",
    "number": 148,
    "active": true
  }
},
{
  "model": "hall.seat",
  "pk": 149,
  "fields": {
    "name": "I19",
    "row": "I",
    "num_in_row": "19",
    "number": 149,
    "active": true
  }
},
{
  "model": "hall.seat",
  "pk": 150,
  "fields": {
    "name": "L02",
    "row": "L",
    "num_in_row": "2",
    "number": 150,
    "active": true
  }
},
{
  "model": "hall.seat",
  "pk": 151,
  "fields": {
    "name": "L03",
    "row": "L",
    "num_in_row": "3",
    "number": 151,
    "active": true
  }
},
{
  "model": "hall.seat",
  "pk": 152,
  "fields": {
    "name": "L04",
    "row": "L",
    "num_in_row": "4",
    "number": 152,
    "active": true
  }
},
{
  "model": "hall.seat",
  "pk": 153,
  "fields": {
    "name": "L05",
    "row": "L",
    "num_in_row": "5",
    "number": 153,
    "active": true
  }
},
{
  "model": "hall.seat",
  "pk": 154,
  "fields": {
    "name": "L06",
    "row": "L",
    "num_in_row": "6",
    "number": 154,
    "active": true
  }
},
{
  "model": "hall.seat",
  "pk": 155,
  "fields": {
    "name": "L07",
    "row": "L",
    "num_in_row": "7",
    "number": 155,
    "active": true
  }
},
{
  "model": "hall.seat",
  "pk": 156,
  "fields": {
    "name": "L08",
    "row": "L",
    "num_in_row": "8",
    "number": 156,
    "active": true
  }
},
{
  "model": "hall.seat",
  "pk": 157,
  "fields": {
    "name": "L09",
    "row": "L",
    "num_in_row": "9",
    "number": 157,
    "active": true
  }
},
{
  "model": "hall.seat",
  "pk": 158,
  "fields": {
    "name": "L10",
    "row": "L",
    "num_in_row": "10",
    "number": 158,
    "active": true
  }
},
{
  "model": "hall.seat",
  "pk": 159,
  "fields": {
    "name": "L11",
    "row": "L",
    "num_in_row": "11",
    "number": 159,
    "active": true
  }
},
{
  "model": "hall.seat",
  "pk": 160,
  "fields": {
    "name": "L12",
    "row": "L",
    "num_in_row": "12",
    "number": 160,
    "active": true
  }
},
{
  "model": "hall.seat",
  "pk": 161,
  "fields": {
    "name": "L13",
    "row": "L",
    "num_in_row": "13",
    "number": 161,
    "active": true
  }
},
{
  "model": "hall.seat",
  "pk": 162,
  "fields": {
    "name": "L14",
    "row": "L",
    "num_in_row": "14",
    "number": 162,
    "active": true
  }
},
{
  "model": "hall.seat",
  "pk": 163,
  "fields": {
    "name": "L15",
    "row": "L",
    "num_in_row": "15",
    "number": 163,
    "active": true
  }
},
{
  "model": "hall.seat",
  "pk": 164,
  "fields": {
    "name": "L16",
    "row": "L",
    "num_in_row": "16",
    "number": 164,
    "active": true
  }
},
{
  "model": "hall.seat",
  "pk": 165,
  "fields": {
    "name": "L17",
    "row": "L",
    "num_in_row": "17",
    "number": 165,
    "active": true
  }
},
{
  "model": "hall.seat",
  "pk": 166,
  "fields": {
    "name": "L18",
    "row": "L",
    "num_in_row": "18",
    "number": 166,
    "active": true
  }
},
{
  "model": "hall.seat",
  "pk": 167,
  "fields": {
    "name": "L19",
    "row": "L",
    "num_in_row": "19",
    "number": 167,
    "active": true
  }
},
{
  "model": "hall.seat",
  "pk": 168,
  "fields": {
    "name": "M02",
    "row": "M",
    "num_in_row": "2",
    "number": 168,
    "active": true
  }
},
{
  "model": "hall.seat",
  "pk": 169,
  "fields": {
    "name": "M03",
    "row": "M",
    "num_in_row": "3",
    "number": 169,
    "active": true
  }
},
{
  "model": "hall.seat",
  "pk": 170,
  "fields": {
    "name": "M04",
    "row": "M",
    "num_in_row": "4",
    "number": 170,
    "active": true
  }
},
{
  "model": "hall.seat",
  "pk": 171,
  "fields": {
    "name": "M05",
    "row": "M",
    "num_in_row": "5",
    "number": 171,
    "active": true
  }
},
{
  "model": "hall.seat",
  "pk": 172,
  "fields": {
    "name": "M06",
    "row": "M",
    "num_in_row": "6",
    "number": 172,
    "active": true
  }
},
{
  "model": "hall.seat",
  "pk": 173,
  "fields": {
    "name": "M07",
    "row": "M",
    "num_in_row": "7",
    "number": 173,
    "active": true
  }
},
{
  "model": "hall.seat",
  "pk": 174,
  "fields": {
    "name": "M08",
    "row": "M",
    "num_in_row": "8",
    "number": 174,
    "active": true
  }
},
{
  "model": "hall.seat",
  "pk": 175,
  "fields": {
    "name": "M09",
    "row": "M",
    "num_in_row": "9",
    "number": 175,
    "active": true
  }
},
{
  "model": "hall.seat",
  "pk": 176,
  "fields": {
    "name": "M10",
    "row": "M",
    "num_in_row": "10",
    "number": 176,
    "active": true
  }
},
{
  "model": "hall.seat",
  "pk": 177,
  "fields": {
    "name": "M11",
    "row": "M",
    "num_in_row": "11",
    "number": 177,
    "active": true
  }
},
{
  "model": "hall.seat",
  "pk": 178,
  "fields": {
    "name": "M12",
    "row": "M",
    "num_in_row": "12",
    "number": 178,
    "active": true
  }
},
{
  "model": "hall.seat",
  "pk": 179,
  "fields": {
    "name": "M13",
    "row": "M",
    "num_in_row": "13",
    "number": 179,
    "active": true
  }
},
{
  "model": "hall.seat",
  "pk": 180,
  "fields": {
    "name": "M14",
    "row": "M",
    "num_in_row": "14",
    "number": 180,
    "active": true
  }
},
{
  "model": "hall.seat",
  "pk": 181,
  "fields": {
    "name": "M15",
    "row": "M",
    "num_in_row": "15",
    "number": 181,
    "active": true
  }
},
{
  "model": "hall.seat",
  "pk": 182,
  "fields": {
    "name": "M16",
    "row": "M",
    "num_in_row": "16",
    "number": 182,
    "active": true
  }
},
{
  "model": "hall.seat",
  "pk": 183,
  "fields": {
    "name": "M17",
    "row": "M",
    "num_in_row": "17",
    "number": 183,
    "active": true
  }
},
{
  "model": "hall.seat",
  "pk": 184,
  "fields": {
    "name": "M18",
    "row": "M",
    "num_in_row": "18",
    "number": 184,
    "active": true
  }
},
{
  "model": "hall.seat",
  "pk": 185,
  "fields": {
    "name": "M19",
    "row": "M",
    "num_in_row": "19",
    "number": 185,
    "active": true
  }
},
{
  "model": "hall.seat",
  "pk": 186,
  "fields": {
    "name": "N02",
    "row": "N",
    "num_in_row": "2",
    "number": 186,
    "active": true
  }
},
{
  "model": "hall.seat",
  "pk": 187,
  "fields": {
    "name": "N03",
    "row": "N",
    "num_in_row": "3",
    "number": 187,
    "active": true
  }
},
{
  "model": "hall.seat",
  "pk": 188,
  "fields": {
    "name": "N04",
    "row": "N",
    "num_in_row": "4",
    "number": 188,
    "active": true
  }
},
{
  "model": "hall.seat",
  "pk": 189,
  "fields": {
    "name": "N05",
    "row": "N",
    "num_in_row": "5",
    "number": 189,
    "active": true
  }
},
{
  "model": "hall.seat",
  "pk": 190,
  "fields": {
    "name": "N06",
    "row": "N",
    "num_in_row": "6",
    "number": 190,
    "active": true
  }
},
{
  "model": "hall.seat",
  "pk": 191,
  "fields": {
    "name": "N07",
    "row": "N",
    "num_in_row": "7",
    "number": 191,
    "active": true
  }
},
{
  "model": "hall.seat",
  "pk": 192,
  "fields": {
    "name": "N08",
    "row": "N",
    "num_in_row": "8",
    "number": 192,
    "active": true
  }
},
{
  "model": "hall.seat",
  "pk": 193,
  "fields": {
    "name": "N09",
    "row": "N",
    "num_in_row": "9",
    "number": 193,
    "active": true
  }
},
{
  "model": "hall.seat",
  "pk": 194,
  "fields": {
    "name": "N10",
    "row": "N",
    "num_in_row": "10",
    "number": 194,
    "active": true
  }
},
{
  "model": "hall.seat",
  "pk": 195,
  "fields": {
    "name": "N11",
    "row": "N",
    "num_in_row": "11",
    "number": 195,
    "active": true
  }
},
{
  "model": "hall.seat",
  "pk": 196,
  "fields": {
    "name": "N12",
    "row": "N",
    "num_in_row": "12",
    "number": 196,
    "active": true
  }
},
{
  "model": "hall.seat",
  "pk": 197,
  "fields": {
    "name": "N13",
    "row": "N",
    "num_in_row": "13",
    "number": 197,
    "active": true
  }
},
{
  "model": "hall.seat",
  "pk": 198,
  "fields": {
    "name": "N14",
    "row": "N",
    "num_in_row": "14",
    "number": 198,
    "active": true
  }
},
{
  "model": "hall.seat",
  "pk": 199,
  "fields": {
    "name": "N15",
    "row": "N",
    "num_in_row": "15",
    "number": 199,
    "active": true
  }
},
{
  "model": "hall.seat",
  "pk": 200,
  "fields": {
    "name": "N16",
    "row": "N",
    "num_in_row": "16",
    "number": 200,
    "active": true
  }
},
{
  "model": "hall.seat",
  "pk": 201,
  "fields": {
    "name": "N17",
    "row": "N",
    "num_in_row": "17",
    "number": 201,
    "active": true
  }
},
{
  "model": "hall.seat",
  "pk": 202,
  "fields": {
    "name": "N18",
    "row": "N",
    "num_in_row": "18",
    "number": 202,
    "active": true
  }
},
{
  "model": "hall.seat",
  "pk": 203,
  "fields": {
    "name": "N19",
    "row": "N",
    "num_in_row": "19",
    "number": 203,
    "active": true
  }
},
{
  "model": "hall.seat",
  "pk": 204,
  "fields": {
    "name": "O01",
    "row": "O",
    "num_in_row": "1",
    "number": 204,
    "active": true
  }
},
{
  "model": "hall.seat",
  "pk": 205,
  "fields": {
    "name": "O02",
    "row": "O",
    "num_in_row": "2",
    "number": 205,
    "active": true
  }
},
{
  "model": "hall.seat",
  "pk": 206,
  "fields": {
    "name": "O03",
    "row": "O",
    "num_in_row": "3",
    "number": 206,
    "active": true
  }
},
{
  "model": "hall.seat",
  "pk": 207,
  "fields": {
    "name": "O04",
    "row": "O",
    "num_in_row": "4",
    "number": 207,
    "active": true
  }
},
{
  "model": "hall.seat",
  "pk": 208,
  "fields": {
    "name": "O05",
    "row": "O",
    "num_in_row": "5",
    "number": 208,
    "active": true
  }
},
{
  "model": "hall.seat",
  "pk": 209,
  "fields": {
    "name": "O06",
    "row": "O",
    "num_in_row": "6",
    "number": 209,
    "active": true
  }
},
{
  "model": "hall.seat",
  "pk": 210,
  "fields": {
    "name": "O07",
    "row": "O",
    "num_in_row": "7",
    "number": 210,
    "active": true
  }
},
{
  "model": "hall.seat",
  "pk": 211,
  "fields": {
    "name": "O08",
    "row": "O",
    "num_in_row": "8",
    "number": 211,
    "active": true
  }
},
{
  "model": "hall.seat",
  "pk": 212,
  "fields": {
    "name": "O09",
    "row": "O",
    "num_in_row": "9",
    "number": 212,
    "active": true
  }
},
{
  "model": "hall.seat",
  "pk": 213,
  "fields": {
    "name": "O10",
    "row": "O",
    "num_in_row": "10",
    "number": 213,
    "active": true
  }
},
{
  "model": "hall.seat",
  "pk": 214,
  "fields": {
    "name": "O11",
    "row": "O",
    "num_in_row": "11",
    "number": 214,
    "active": true
  }
},
{
  "model": "hall.seat",
  "pk": 215,
  "fields": {
    "name": "O12",
    "row": "O",
    "num_in_row": "12",
    "number": 215,
    "active": true
  }
},
{
  "model": "hall.seat",
  "pk": 216,
  "fields": {
    "name": "O13",
    "row": "O",
    "num_in_row": "13",
    "number": 216,
    "active": true
  }
},
{
  "model": "hall.seat",
  "pk": 217,
  "fields": {
    "name": "O14",
    "row": "O",
    "num_in_row": "14",
    "number": 217,
    "active": true
  }
},
{
  "model": "hall.seat",
  "pk": 218,
  "fields": {
    "name": "O15",
    "row": "O",
    "num_in_row": "15",
    "number": 218,
    "active": true
  }
},
{
  "model": "hall.seat",
  "pk": 219,
  "fields": {
    "name": "O16",
    "row": "O",
    "num_in_row": "16",
    "number": 219,
    "active": true
  }
},
{
  "model": "hall.seat",
  "pk": 220,
  "fields": {
    "name": "O17",
    "row": "O",
    "num_in_row": "17",
    "number": 220,
    "active": true
  }
},
{
  "model": "hall.seat",
  "pk": 221,
  "fields": {
    "name": "O18",
    "row": "O",
    "num_in_row": "18",
    "number": 221,
    "active": true
  }
},
{
  "model": "hall.seat",
  "pk": 222,
  "fields": {
    "name": "O19",
    "row": "O",
    "num_in_row": "19",
    "number": 222,
    "active": true
  }
},
{
  "model": "hall.seat",
  "pk": 223,
  "fields": {
    "name": "O20",
    "row": "O",
    "num_in_row": "20",
    "number": 223,
    "active": true
  }
},
{
  "model": "hall.seat",
  "pk": 224,
  "fields": {
    "name": "P01",
    "row": "P",
    "num_in_row": "1",
    "number": 224,
    "active": true
  }
},
{
  "model": "hall.seat",
  "pk": 225,
  "fields": {
    "name": "P02",
    "row": "P",
    "num_in_row": "2",
    "number": 225,
    "active": true
  }
},
{
  "model": "hall.seat",
  "pk": 226,
  "fields": {
    "name": "P03",
    "row": "P",
    "num_in_row": "3",
    "number": 226,
    "active": true
  }
},
{
  "model": "hall.seat",
  "pk": 227,
  "fields": {
    "name": "P04",
    "row": "P",
    "num_in_row": "4",
    "number": 227,
    "active": true
  }
},
{
  "model": "hall.seat",
  "pk": 228,
  "fields": {
    "name": "P05",
    "row": "P",
    "num_in_row": "5",
    "number": 228,
    "active": true
  }
},
{
  "model": "hall.seat",
  "pk": 229,
  "fields": {
    "name": "P06",
    "row": "P",
    "num_in_row": "6",
    "number": 229,
    "active": true
  }
},
{
  "model": "hall.seat",
  "pk": 230,
  "fields": {
    "name": "P07",
    "row": "P",
    "num_in_row": "7",
    "number": 230,
    "active": true
  }
},
{
  "model": "hall.seat",
  "pk": 231,
  "fields": {
    "name": "P08",
    "row": "P",
    "num_in_row": "8",
    "number": 231,
    "active": true
  }
},
{
  "model": "hall.seat",
  "pk": 232,
  "fields": {
    "name": "P09",
    "row": "P",
    "num_in_row": "9",
    "number": 232,
    "active": true
  }
},
{
  "model": "hall.seat",
  "pk": 233,
  "fields": {
    "name": "P10",
    "row": "P",
    "num_in_row": "10",
    "number": 233,
    "active": true
  }
},
{
  "model": "hall.seat",
  "pk": 234,
  "fields": {
    "name": "P11",
    "row": "P",
    "num_in_row": "11",
    "number": 234,
    "active": true
  }
},
{
  "model": "hall.seat",
  "pk": 235,
  "fields": {
    "name": "P12",
    "row": "P",
    "num_in_row": "12",
    "number": 235,
    "active": true
  }
},
{
  "model": "hall.seat",
  "pk": 236,
  "fields": {
    "name": "P13",
    "row": "P",
    "num_in_row": "13",
    "number": 236,
    "active": true
  }
},
{
  "model": "hall.seat",
  "pk": 237,
  "fields": {
    "name": "P14",
    "row": "P",
    "num_in_row": "14",
    "number": 237,
    "active": true
  }
},
{
  "model": "hall.seat",
  "pk": 238,
  "fields": {
    "name": "P15",
    "row": "P",
    "num_in_row": "15",
    "number": 238,
    "active": true
  }
},
{
  "model": "hall.seat",
  "pk": 239,
  "fields": {
    "name": "P16",
    "row": "P",
    "num_in_row": "16",
    "number": 239,
    "active": true
  }
},
{
  "model": "hall.seat",
  "pk": 240,
  "fields": {
    "name": "P17",
    "row": "P",
    "num_in_row": "17",
    "number": 240,
    "active": true
  }
},
{
  "model": "hall.seat",
  "pk": 241,
  "fields": {
    "name": "P18",
    "row": "P",
    "num_in_row": "18",
    "number": 241,
    "active": true
  }
},
{
  "model": "hall.seat",
  "pk": 242,
  "fields": {
    "name": "P19",
    "row": "P",
    "num_in_row": "19",
    "number": 242,
    "active": true
  }
},
{
  "model": "hall.seat",
  "pk": 243,
  "fields": {
    "name": "P20",
    "row": "P",
    "num_in_row": "20",
    "number": 243,
    "active": true
  }
},
{
  "model": "hall.seat",
  "pk": 244,
  "fields": {
    "name": "Q01",
    "row": "Q",
    "num_in_row": "1",
    "number": 244,
    "active": true
  }
},
{
  "model": "hall.seat",
  "pk": 245,
  "fields": {
    "name": "Q02",
    "row": "Q",
    "num_in_row": "2",
    "number": 245,
    "active": true
  }
},
{
  "model": "hall.seat",
  "pk": 246,
  "fields": {
    "name": "Q03",
    "row": "Q",
    "num_in_row": "3",
    "number": 246,
    "active": true
  }
},
{
  "model": "hall.seat",
  "pk": 247,
  "fields": {
    "name": "Q04",
    "row": "Q",
    "num_in_row": "4",
    "number": 247,
    "active": true
  }
},
{
  "model": "hall.seat",
  "pk": 248,
  "fields": {
    "name": "Q05",
    "row": "Q",
    "num_in_row": "5",
    "number": 248,
    "active": true
  }
},
{
  "model": "hall.seat",
  "pk": 249,
  "fields": {
    "name": "Q06",
    "row": "Q",
    "num_in_row": "6",
    "number": 249,
    "active": true
  }
},
{
  "model": "hall.seat",
  "pk": 250,
  "fields": {
    "name": "Q07",
    "row": "Q",
    "num_in_row": "7",
    "number": 250,
    "active": true
  }
},
{
  "model": "hall.seat",
  "pk": 251,
  "fields": {
    "name": "Q08",
    "row": "Q",
    "num_in_row": "8",
    "number": 251,
    "active": true
  }
},
{
  "model": "hall.seat",
  "pk": 252,
  "fields": {
    "name": "Q09",
    "row": "Q",
    "num_in_row": "9",
    "number": 252,
    "active": true
  }
},
{
  "model": "hall.seat",
  "pk": 253,
  "fields": {
    "name": "Q10",
    "row": "Q",
    "num_in_row": "10",
    "number": 253,
    "active": true
  }
},
{
  "model": "hall.seat",
  "pk": 254,
  "fields": {
    "name": "Q11",
    "row": "Q",
    "num_in_row": "11",
    "number": 254,
    "active": true
  }
},
{
  "model": "hall.seat",
  "pk": 255,
  "fields": {
    "name": "Q12",
    "row": "Q",
    "num_in_row": "12",
    "number": 255,
    "active": true
  }
},
{
  "model": "hall.seat",
  "pk": 256,
  "fields": {
    "name": "Q13",
    "row": "Q",
    "num_in_row": "13",
    "number": 256,
    "active": true
  }
},
{
  "model": "hall.seat",
  "pk": 257,
  "fields": {
    "name": "Q14",
    "row": "Q",
    "num_in_row": "14",
    "number": 257,
    "active": true
  }
},
{
  "model": "hall.seat",
  "pk": 258,
  "fields": {
    "name": "Q15",
    "row": "Q",
    "num_in_row": "15",
    "number": 258,
    "active": true
  }
},
{
  "model": "hall.seat",
  "pk": 259,
  "fields": {
    "name": "Q16",
    "row": "Q",
    "num_in_row": "16",
    "number": 259,
    "active": true
  }
},
{
  "model": "hall.seat",
  "pk": 260,
  "fields": {
    "name": "Q17",
    "row": "Q",
    "num_in_row": "17",
    "number": 260,
    "active": true
  }
},
{
  "model": "hall.seat",
  "pk": 261,
  "fields": {
    "name": "Q18",
    "row": "Q",
    "num_in_row": "18",
    "number": 261,
    "active": true
  }
},
{
  "model": "hall.seat",
  "pk": 262,
  "fields": {
    "name": "Q19",
    "row": "Q",
    "num_in_row": "19",
    "number": 262,
    "active": true
  }
},
{
  "model": "hall.seat",
  "pk": 263,
  "fields": {
    "name": "Q20",
    "row": "Q",
    "num_in_row": "20",
    "number": 263,
    "active": true
  }
},
{
  "model": "hall.row",
  "pk": 1,
  "fields": {
    "name": "A",
    "offset_start": 4,
    "offset_end": 2,
    "is_active": false
  }
},
{
  "model": "hall.row",
  "pk": 2,
  "fields": {
    "name": "B",
    "offset_start": 3,
    "offset_end": 2,
    "is_active": false
  }
},
{
  "model": "hall.row",
  "pk": 3,
  "fields": {
    "name": "C",
    "offset_start": 2,
    "offset_end": 2,
    "is_active": true
  }
},
{
  "model": "hall.row",
  "pk": 4,
  "fields": {
    "name": "D",
    "offset_start": 2,
    "offset_end": 2,
    "is_active": true
  }
},
{
  "model": "hall.row",
  "pk": 5,
  "fields": {
    "name": "E",
    "offset_start": 2,
    "offset_end": 2,
    "is_active": true
  }
},
{
  "model": "hall.row",
  "pk": 6,
  "fields": {
    "name": "F",
    "offset_start": 1,
    "offset_end": 1,
    "is_active": true
  }
},
{
  "model": "hall.row",
  "pk": 7,
  "fields": {
    "name": "G",
    "offset_start": 1,
    "offset_end": 1,
    "is_active": true
  }
},
{
  "model": "hall.row",
  "pk": 8,
  "fields": {
    "name": "H",
    "offset_start": 1,
    "offset_end": 1,
    "is_active": true
  }
},
{
  "model": "hall.row",
  "pk": 9,
  "fields": {
    "name": "I",
    "offset_start": 1,
    "offset_end": 1,
    "is_active": true
  }
},
{
  "model": "hall.row",
  "pk": 10,
  "fields": {
    "name": "L",
    "offset_start": 1,
    "offset_end": 1,
    "is_active": true
  }
},
{
  "model": "hall.row",
  "pk": 11,
  "fields": {
    "name": "M",
    "offset_start": 1,
    "offset_end": 1,
    "is_active": true
  }
},
{
  "model": "hall.row",
  "pk": 12,
  "fields": {
    "name": "N",
    "offset_start": 1,
    "offset_end": 1,
    "is_active": true
  }
},
{
  "model": "hall.row",
  "pk": 13,
  "fields": {
    "name": "O",
    "offset_start": 0,
    "offset_end": 0,
    "is_active": true
  }
},
{
  "model": "hall.row",
  "pk": 14,
  "fields": {
    "name": "P",
    "offset_start": 0,
    "offset_end": 0,
    "is_active": true
  }
},
{
  "model": "hall.row",
  "pk": 15,
  "fields": {
    "name": "Q",
    "offset_start": 0,
    "offset_end": 0,
    "is_active": true
  }
}
]
