[
{
  "model": "auth.permission",
  "pk": 1,
  "fields": {
    "name": "Can add log entry",
    "content_type": 1,
    "codename": "add_logentry"
  }
},
{
  "model": "auth.permission",
  "pk": 2,
  "fields": {
    "name": "Can change log entry",
    "content_type": 1,
    "codename": "change_logentry"
  }
},
{
  "model": "auth.permission",
  "pk": 3,
  "fields": {
    "name": "Can delete log entry",
    "content_type": 1,
    "codename": "delete_logentry"
  }
},
{
  "model": "auth.permission",
  "pk": 4,
  "fields": {
    "name": "Can view log entry",
    "content_type": 1,
    "codename": "view_logentry"
  }
},
{
  "model": "auth.permission",
  "pk": 5,
  "fields": {
    "name": "Can add permission",
    "content_type": 2,
    "codename": "add_permission"
  }
},
{
  "model": "auth.permission",
  "pk": 6,
  "fields": {
    "name": "Can change permission",
    "content_type": 2,
    "codename": "change_permission"
  }
},
{
  "model": "auth.permission",
  "pk": 7,
  "fields": {
    "name": "Can delete permission",
    "content_type": 2,
    "codename": "delete_permission"
  }
},
{
  "model": "auth.permission",
  "pk": 8,
  "fields": {
    "name": "Can view permission",
    "content_type": 2,
    "codename": "view_permission"
  }
},
{
  "model": "auth.permission",
  "pk": 9,
  "fields": {
    "name": "Can add group",
    "content_type": 3,
    "codename": "add_group"
  }
},
{
  "model": "auth.permission",
  "pk": 10,
  "fields": {
    "name": "Can change group",
    "content_type": 3,
    "codename": "change_group"
  }
},
{
  "model": "auth.permission",
  "pk": 11,
  "fields": {
    "name": "Can delete group",
    "content_type": 3,
    "codename": "delete_group"
  }
},
{
  "model": "auth.permission",
  "pk": 12,
  "fields": {
    "name": "Can view group",
    "content_type": 3,
    "codename": "view_group"
  }
},
{
  "model": "auth.permission",
  "pk": 13,
  "fields": {
    "name": "Can add content type",
    "content_type": 4,
    "codename": "add_contenttype"
  }
},
{
  "model": "auth.permission",
  "pk": 14,
  "fields": {
    "name": "Can change content type",
    "content_type": 4,
    "codename": "change_contenttype"
  }
},
{
  "model": "auth.permission",
  "pk": 15,
  "fields": {
    "name": "Can delete content type",
    "content_type": 4,
    "codename": "delete_contenttype"
  }
},
{
  "model": "auth.permission",
  "pk": 16,
  "fields": {
    "name": "Can view content type",
    "content_type": 4,
    "codename": "view_contenttype"
  }
},
{
  "model": "auth.permission",
  "pk": 17,
  "fields": {
    "name": "Can add session",
    "content_type": 5,
    "codename": "add_session"
  }
},
{
  "model": "auth.permission",
  "pk": 18,
  "fields": {
    "name": "Can change session",
    "content_type": 5,
    "codename": "change_session"
  }
},
{
  "model": "auth.permission",
  "pk": 19,
  "fields": {
    "name": "Can delete session",
    "content_type": 5,
    "codename": "delete_session"
  }
},
{
  "model": "auth.permission",
  "pk": 20,
  "fields": {
    "name": "Can view session",
    "content_type": 5,
    "codename": "view_session"
  }
},
{
  "model": "auth.permission",
  "pk": 21,
  "fields": {
    "name": "Can add Cookie Group",
    "content_type": 6,
    "codename": "add_cookiegroup"
  }
},
{
  "model": "auth.permission",
  "pk": 22,
  "fields": {
    "name": "Can change Cookie Group",
    "content_type": 6,
    "codename": "change_cookiegroup"
  }
},
{
  "model": "auth.permission",
  "pk": 23,
  "fields": {
    "name": "Can delete Cookie Group",
    "content_type": 6,
    "codename": "delete_cookiegroup"
  }
},
{
  "model": "auth.permission",
  "pk": 24,
  "fields": {
    "name": "Can view Cookie Group",
    "content_type": 6,
    "codename": "view_cookiegroup"
  }
},
{
  "model": "auth.permission",
  "pk": 25,
  "fields": {
    "name": "Can add Cookie",
    "content_type": 7,
    "codename": "add_cookie"
  }
},
{
  "model": "auth.permission",
  "pk": 26,
  "fields": {
    "name": "Can change Cookie",
    "content_type": 7,
    "codename": "change_cookie"
  }
},
{
  "model": "auth.permission",
  "pk": 27,
  "fields": {
    "name": "Can delete Cookie",
    "content_type": 7,
    "codename": "delete_cookie"
  }
},
{
  "model": "auth.permission",
  "pk": 28,
  "fields": {
    "name": "Can view Cookie",
    "content_type": 7,
    "codename": "view_cookie"
  }
},
{
  "model": "auth.permission",
  "pk": 29,
  "fields": {
    "name": "Can add Log item",
    "content_type": 8,
    "codename": "add_logitem"
  }
},
{
  "model": "auth.permission",
  "pk": 30,
  "fields": {
    "name": "Can change Log item",
    "content_type": 8,
    "codename": "change_logitem"
  }
},
{
  "model": "auth.permission",
  "pk": 31,
  "fields": {
    "name": "Can delete Log item",
    "content_type": 8,
    "codename": "delete_logitem"
  }
},
{
  "model": "auth.permission",
  "pk": 32,
  "fields": {
    "name": "Can view Log item",
    "content_type": 8,
    "codename": "view_logitem"
  }
},
{
  "model": "auth.permission",
  "pk": 33,
  "fields": {
    "name": "Can add section",
    "content_type": 9,
    "codename": "add_section"
  }
},
{
  "model": "auth.permission",
  "pk": 34,
  "fields": {
    "name": "Can change section",
    "content_type": 9,
    "codename": "change_section"
  }
},
{
  "model": "auth.permission",
  "pk": 35,
  "fields": {
    "name": "Can delete section",
    "content_type": 9,
    "codename": "delete_section"
  }
},
{
  "model": "auth.permission",
  "pk": 36,
  "fields": {
    "name": "Can view section",
    "content_type": 9,
    "codename": "view_section"
  }
},
{
  "model": "auth.permission",
  "pk": 37,
  "fields": {
    "name": "Can add siae type",
    "content_type": 10,
    "codename": "add_siaetype"
  }
},
{
  "model": "auth.permission",
  "pk": 38,
  "fields": {
    "name": "Can change siae type",
    "content_type": 10,
    "codename": "change_siaetype"
  }
},
{
  "model": "auth.permission",
  "pk": 39,
  "fields": {
    "name": "Can delete siae type",
    "content_type": 10,
    "codename": "delete_siaetype"
  }
},
{
  "model": "auth.permission",
  "pk": 40,
  "fields": {
    "name": "Can view siae type",
    "content_type": 10,
    "codename": "view_siaetype"
  }
},
{
  "model": "auth.permission",
  "pk": 41,
  "fields": {
    "name": "Can add show",
    "content_type": 11,
    "codename": "add_show"
  }
},
{
  "model": "auth.permission",
  "pk": 42,
  "fields": {
    "name": "Can change show",
    "content_type": 11,
    "codename": "change_show"
  }
},
{
  "model": "auth.permission",
  "pk": 43,
  "fields": {
    "name": "Can delete show",
    "content_type": 11,
    "codename": "delete_show"
  }
},
{
  "model": "auth.permission",
  "pk": 44,
  "fields": {
    "name": "Can view show",
    "content_type": 11,
    "codename": "view_show"
  }
},
{
  "model": "auth.permission",
  "pk": 45,
  "fields": {
    "name": "Can add account",
    "content_type": 12,
    "codename": "add_account"
  }
},
{
  "model": "auth.permission",
  "pk": 46,
  "fields": {
    "name": "Can change account",
    "content_type": 12,
    "codename": "change_account"
  }
},
{
  "model": "auth.permission",
  "pk": 47,
  "fields": {
    "name": "Can delete account",
    "content_type": 12,
    "codename": "delete_account"
  }
},
{
  "model": "auth.permission",
  "pk": 48,
  "fields": {
    "name": "Can view account",
    "content_type": 12,
    "codename": "view_account"
  }
},
{
  "model": "auth.permission",
  "pk": 49,
  "fields": {
    "name": "Can add user profile",
    "content_type": 13,
    "codename": "add_userprofile"
  }
},
{
  "model": "auth.permission",
  "pk": 50,
  "fields": {
    "name": "Can change user profile",
    "content_type": 13,
    "codename": "change_userprofile"
  }
},
{
  "model": "auth.permission",
  "pk": 51,
  "fields": {
    "name": "Can delete user profile",
    "content_type": 13,
    "codename": "delete_userprofile"
  }
},
{
  "model": "auth.permission",
  "pk": 52,
  "fields": {
    "name": "Can view user profile",
    "content_type": 13,
    "codename": "view_userprofile"
  }
},
{
  "model": "auth.permission",
  "pk": 53,
  "fields": {
    "name": "Can add event",
    "content_type": 14,
    "codename": "add_event"
  }
},
{
  "model": "auth.permission",
  "pk": 54,
  "fields": {
    "name": "Can change event",
    "content_type": 14,
    "codename": "change_event"
  }
},
{
  "model": "auth.permission",
  "pk": 55,
  "fields": {
    "name": "Can delete event",
    "content_type": 14,
    "codename": "delete_event"
  }
},
{
  "model": "auth.permission",
  "pk": 56,
  "fields": {
    "name": "Can view event",
    "content_type": 14,
    "codename": "view_event"
  }
},
{
  "model": "auth.permission",
  "pk": 57,
  "fields": {
    "name": "Can add seat",
    "content_type": 15,
    "codename": "add_seat"
  }
},
{
  "model": "auth.permission",
  "pk": 58,
  "fields": {
    "name": "Can change seat",
    "content_type": 15,
    "codename": "change_seat"
  }
},
{
  "model": "auth.permission",
  "pk": 59,
  "fields": {
    "name": "Can delete seat",
    "content_type": 15,
    "codename": "delete_seat"
  }
},
{
  "model": "auth.permission",
  "pk": 60,
  "fields": {
    "name": "Can view seat",
    "content_type": 15,
    "codename": "view_seat"
  }
},
{
  "model": "auth.permission",
  "pk": 61,
  "fields": {
    "name": "Can add row",
    "content_type": 16,
    "codename": "add_row"
  }
},
{
  "model": "auth.permission",
  "pk": 62,
  "fields": {
    "name": "Can change row",
    "content_type": 16,
    "codename": "change_row"
  }
},
{
  "model": "auth.permission",
  "pk": 63,
  "fields": {
    "name": "Can delete row",
    "content_type": 16,
    "codename": "delete_row"
  }
},
{
  "model": "auth.permission",
  "pk": 64,
  "fields": {
    "name": "Can view row",
    "content_type": 16,
    "codename": "view_row"
  }
},
{
  "model": "auth.permission",
  "pk": 65,
  "fields": {
    "name": "Can add cart",
    "content_type": 17,
    "codename": "add_cart"
  }
},
{
  "model": "auth.permission",
  "pk": 66,
  "fields": {
    "name": "Can change cart",
    "content_type": 17,
    "codename": "change_cart"
  }
},
{
  "model": "auth.permission",
  "pk": 67,
  "fields": {
    "name": "Can delete cart",
    "content_type": 17,
    "codename": "delete_cart"
  }
},
{
  "model": "auth.permission",
  "pk": 68,
  "fields": {
    "name": "Can view cart",
    "content_type": 17,
    "codename": "view_cart"
  }
},
{
  "model": "auth.permission",
  "pk": 69,
  "fields": {
    "name": "Can add cart item",
    "content_type": 18,
    "codename": "add_cartitem"
  }
},
{
  "model": "auth.permission",
  "pk": 70,
  "fields": {
    "name": "Can change cart item",
    "content_type": 18,
    "codename": "change_cartitem"
  }
},
{
  "model": "auth.permission",
  "pk": 71,
  "fields": {
    "name": "Can delete cart item",
    "content_type": 18,
    "codename": "delete_cartitem"
  }
},
{
  "model": "auth.permission",
  "pk": 72,
  "fields": {
    "name": "Can view cart item",
    "content_type": 18,
    "codename": "view_cartitem"
  }
},
{
  "model": "auth.permission",
  "pk": 73,
  "fields": {
    "name": "Can add payment",
    "content_type": 19,
    "codename": "add_payment"
  }
},
{
  "model": "auth.permission",
  "pk": 74,
  "fields": {
    "name": "Can change payment",
    "content_type": 19,
    "codename": "change_payment"
  }
},
{
  "model": "auth.permission",
  "pk": 75,
  "fields": {
    "name": "Can delete payment",
    "content_type": 19,
    "codename": "delete_payment"
  }
},
{
  "model": "auth.permission",
  "pk": 76,
  "fields": {
    "name": "Can view payment",
    "content_type": 19,
    "codename": "view_payment"
  }
},
{
  "model": "auth.permission",
  "pk": 77,
  "fields": {
    "name": "Can add order",
    "content_type": 20,
    "codename": "add_order"
  }
},
{
  "model": "auth.permission",
  "pk": 78,
  "fields": {
    "name": "Can change order",
    "content_type": 20,
    "codename": "change_order"
  }
},
{
  "model": "auth.permission",
  "pk": 79,
  "fields": {
    "name": "Can delete order",
    "content_type": 20,
    "codename": "delete_order"
  }
},
{
  "model": "auth.permission",
  "pk": 80,
  "fields": {
    "name": "Can view order",
    "content_type": 20,
    "codename": "view_order"
  }
},
{
  "model": "auth.permission",
  "pk": 81,
  "fields": {
    "name": "Can add order event",
    "content_type": 21,
    "codename": "add_orderevent"
  }
},
{
  "model": "auth.permission",
  "pk": 82,
  "fields": {
    "name": "Can change order event",
    "content_type": 21,
    "codename": "change_orderevent"
  }
},
{
  "model": "auth.permission",
  "pk": 83,
  "fields": {
    "name": "Can delete order event",
    "content_type": 21,
    "codename": "delete_orderevent"
  }
},
{
  "model": "auth.permission",
  "pk": 84,
  "fields": {
    "name": "Can view order event",
    "content_type": 21,
    "codename": "view_orderevent"
  }
},
{
  "model": "auth.permission",
  "pk": 85,
  "fields": {
    "name": "Can add user event",
    "content_type": 22,
    "codename": "add_userevent"
  }
},
{
  "model": "auth.permission",
  "pk": 86,
  "fields": {
    "name": "Can change user event",
    "content_type": 22,
    "codename": "change_userevent"
  }
},
{
  "model": "auth.permission",
  "pk": 87,
  "fields": {
    "name": "Can delete user event",
    "content_type": 22,
    "codename": "delete_userevent"
  }
},
{
  "model": "auth.permission",
  "pk": 88,
  "fields": {
    "name": "Can view user event",
    "content_type": 22,
    "codename": "view_userevent"
  }
},
{
  "model": "auth.permission",
  "pk": 89,
  "fields": {
    "name": "Can add ticket",
    "content_type": 23,
    "codename": "add_ticket"
  }
},
{
  "model": "auth.permission",
  "pk": 90,
  "fields": {
    "name": "Can change ticket",
    "content_type": 23,
    "codename": "change_ticket"
  }
},
{
  "model": "auth.permission",
  "pk": 91,
  "fields": {
    "name": "Can delete ticket",
    "content_type": 23,
    "codename": "delete_ticket"
  }
},
{
  "model": "auth.permission",
  "pk": 92,
  "fields": {
    "name": "Can view ticket",
    "content_type": 23,
    "codename": "view_ticket"
  }
},
{
  "model": "auth.permission",
  "pk": 93,
  "fields": {
    "name": "Can add selling seats",
    "content_type": 24,
    "codename": "add_sellingseats"
  }
},
{
  "model": "auth.permission",
  "pk": 94,
  "fields": {
    "name": "Can change selling seats",
    "content_type": 24,
    "codename": "change_sellingseats"
  }
},
{
  "model": "auth.permission",
  "pk": 95,
  "fields": {
    "name": "Can delete selling seats",
    "content_type": 24,
    "codename": "delete_sellingseats"
  }
},
{
  "model": "auth.permission",
  "pk": 96,
  "fields": {
    "name": "Can view selling seats",
    "content_type": 24,
    "codename": "view_sellingseats"
  }
},
{
  "model": "auth.permission",
  "pk": 97,
  "fields": {
    "name": "Can add ingresso",
    "content_type": 25,
    "codename": "add_ingresso"
  }
},
{
  "model": "auth.permission",
  "pk": 98,
  "fields": {
    "name": "Can change ingresso",
    "content_type": 25,
    "codename": "change_ingresso"
  }
},
{
  "model": "auth.permission",
  "pk": 99,
  "fields": {
    "name": "Can delete ingresso",
    "content_type": 25,
    "codename": "delete_ingresso"
  }
},
{
  "model": "auth.permission",
  "pk": 100,
  "fields": {
    "name": "Can view ingresso",
    "content_type": 25,
    "codename": "view_ingresso"
  }
},
{
  "model": "auth.permission",
  "pk": 101,
  "fields": {
    "name": "Can add report",
    "content_type": 26,
    "codename": "add_report"
  }
},
{
  "model": "auth.permission",
  "pk": 102,
  "fields": {
    "name": "Can change report",
    "content_type": 26,
    "codename": "change_report"
  }
},
{
  "model": "auth.permission",
  "pk": 103,
  "fields": {
    "name": "Can delete report",
    "content_type": 26,
    "codename": "delete_report"
  }
},
{
  "model": "auth.permission",
  "pk": 104,
  "fields": {
    "name": "Can view report",
    "content_type": 26,
    "codename": "view_report"
  }
},
{
  "model": "auth.permission",
  "pk": 105,
  "fields": {
    "name": "Can add event fiscal data",
    "content_type": 27,
    "codename": "add_eventfiscaldata"
  }
},
{
  "model": "auth.permission",
  "pk": 106,
  "fields": {
    "name": "Can change event fiscal data",
    "content_type": 27,
    "codename": "change_eventfiscaldata"
  }
},
{
  "model": "auth.permission",
  "pk": 107,
  "fields": {
    "name": "Can delete event fiscal data",
    "content_type": 27,
    "codename": "delete_eventfiscaldata"
  }
},
{
  "model": "auth.permission",
  "pk": 108,
  "fields": {
    "name": "Can view event fiscal data",
    "content_type": 27,
    "codename": "view_eventfiscaldata"
  }
},
{
  "model": "auth.permission",
  "pk": 109,
  "fields": {
    "name": "Can add payment method",
    "content_type": 28,
    "codename": "add_paymentmethod"
  }
},
{
  "model": "auth.permission",
  "pk": 110,
  "fields": {
    "name": "Can change payment method",
    "content_type": 28,
    "codename": "change_paymentmethod"
  }
},
{
  "model": "auth.permission",
  "pk": 111,
  "fields": {
    "name": "Can delete payment method",
    "content_type": 28,
    "codename": "delete_paymentmethod"
  }
},
{
  "model": "auth.permission",
  "pk": 112,
  "fields": {
    "name": "Can view payment method",
    "content_type": 28,
    "codename": "view_paymentmethod"
  }
},
{
  "model": "auth.permission",
  "pk": 113,
  "fields": {
    "name": "Can add box office transaction",
    "content_type": 29,
    "codename": "add_boxofficetransaction"
  }
},
{
  "model": "auth.permission",
  "pk": 114,
  "fields": {
    "name": "Can change box office transaction",
    "content_type": 29,
    "codename": "change_boxofficetransaction"
  }
},
{
  "model": "auth.permission",
  "pk": 115,
  "fields": {
    "name": "Can delete box office transaction",
    "content_type": 29,
    "codename": "delete_boxofficetransaction"
  }
},
{
  "model": "auth.permission",
  "pk": 116,
  "fields": {
    "name": "Can view box office transaction",
    "content_type": 29,
    "codename": "view_boxofficetransaction"
  }
},
{
  "model": "auth.permission",
  "pk": 117,
  "fields": {
    "name": "Can add venue",
    "content_type": 30,
    "codename": "add_venue"
  }
},
{
  "model": "auth.permission",
  "pk": 118,
  "fields": {
    "name": "Can change venue",
    "content_type": 30,
    "codename": "change_venue"
  }
},
{
  "model": "auth.permission",
  "pk": 119,
  "fields": {
    "name": "Can delete venue",
    "content_type": 30,
    "codename": "delete_venue"
  }
},
{
  "model": "auth.permission",
  "pk": 120,
  "fields": {
    "name": "Can view venue",
    "content_type": 30,
    "codename": "view_venue"
  }
},
{
  "model": "auth.permission",
  "pk": 121,
  "fields": {
    "name": "Can add customer profile",
    "content_type": 31,
    "codename": "add_customerprofile"
  }
},
{
  "model": "auth.permission",
  "pk": 122,
  "fields": {
    "name": "Can change customer profile",
    "content_type": 31,
    "codename": "change_customerprofile"
  }
},
{
  "model": "auth.permission",
  "pk": 123,
  "fields": {
    "name": "Can delete customer profile",
    "content_type": 31,
    "codename": "delete_customerprofile"
  }
},
{
  "model": "auth.permission",
  "pk": 124,
  "fields": {
    "name": "Can view customer profile",
    "content_type": 31,
    "codename": "view_customerprofile"
  }
},
{
  "model": "auth.permission",
  "pk": 125,
  "fields": {
    "name": "Can add box office booking event",
    "content_type": 32,
    "codename": "add_boxofficebookingevent"
  }
},
{
  "model": "auth.permission",
  "pk": 126,
  "fields": {
    "name": "Can change box office booking event",
    "content_type": 32,
    "codename": "change_boxofficebookingevent"
  }
},
{
  "model": "auth.permission",
  "pk": 127,
  "fields": {
    "name": "Can delete box office booking event",
    "content_type": 32,
    "codename": "delete_boxofficebookingevent"
  }
},
{
  "model": "auth.permission",
  "pk": 128,
  "fields": {
    "name": "Can view box office booking event",
    "content_type": 32,
    "codename": "view_boxofficebookingevent"
  }
},
{
  "model": "accounts.account",
  "pk": 1,
  "fields": {
    "password": "pbkdf2_sha256$600000$OYqvt08zY7Ffrhcnz7ylsN$MbOE3PCJG35KfRoGBW8qCR4eWhFi1xoUVAUkihCIOJ4=",
    "first_name": "Giuseppe",
    "last_name": "Miletto",
    "username": "beppemiletto",
    "email": "beppe.miletto@gmail.com",
    "phone_number": "+393355495372",
    "date_joined": "2024-02-08T13:50:58.127Z",
    "last_login": "2024-07-02T12:42:48.141Z",
    "is_admin": true,
    "is_staff": true,
    "is_active": true,
    "is_superadmin": true
  }
},
{
  "model": "accounts.account",
  "pk": 2,
  "fields": {
    "password": "pbkdf2_sha256$600000$k36JO2NIZNaYXw1jlUEOFP$wg6ZkXJg0bzVri4u1Stw5XWiCJZo8k6vhW2qojIyzV8=",
    "first_name": "Peppino kawa",
    "last_name": "Miletto",
    "username": "kawa.er6n_uupstegg",
    "email": "kawa.er6n@libero.it",
    "phone_number": "0119440660",
    "date_joined": "2024-02-08T16:58:08.499Z",
    "last_login": "2024-06-05T14:27:55.447Z",
    "is_admin": false,
    "is_staff": false,
    "is_active": true,
    "is_superadmin": false
  }
},
{
  "model": "accounts.account",
  "pk": 3,
  "fields": {
    "password": "pbkdf2_sha256$600000$2FCQTQQz4datNyQqOI7vpx$jvLKW0jtp/GyWTMp1ZMFv6K34tTNaJDX0DcbWBjVbRQ=",
    "first_name": "Cassa",
    "last_name": "Laboratorio",
    "username": "ltcboxoffice",
    "email": "info@teatrocambiano.com",
    "phone_number": "011 2476388",
    "date_joined": "2024-02-08T17:09:32.678Z",
    "last_login": "2024-06-05T14:26:35.834Z",
    "is_admin": true,
    "is_staff": true,
    "is_active": true,
    "is_superadmin": false
  }
},
{
  "model": "accounts.account",
  "pk": 4,
  "fields": {
    "password": "pbkdf2_sha256$600000$tT8lApJWw5Nw5LTucDT6IU$iAaUV81Gg7azVlDV/7D+QM/yn3PN0y3fK/a3/wbYd+4=",
    "first_name": "Giuseppe yahoo",
    "last_name": "Miletto",
    "username": "giuseppe.miletto_uqlyrgko",
    "email": "giuseppe.miletto@yahoo.com",
    "phone_number": "0119440660",
    "date_joined": "2024-02-13T13:53:46.012Z",
    "last_login": "2024-07-01T14:15:14.456Z",
    "is_admin": true,
    "is_staff": true,
    "is_active": true,
    "is_superadmin": false
  }
},
{
  "model": "accounts.account",
  "pk": 5,
  "fields": {
    "password": "pbkdf2_sha256$600000$7zhLB1uftH5Okam4deC5n8$p+YqBnEQwrmHt5OX2vNyhT15P3PWDgI2+wKJ62+YpIY=",
    "first_name": "Giuseppe Lavoro",
    "last_name": "Miletto",
    "username": "giuseppe.miletto_byzxsaek",
    "email": "giuseppe.miletto@metatron.it",
    "phone_number": "0119992131",
    "date_joined": "2024-05-08T12:28:15.357Z",
    "last_login": "2024-07-02T12:07:14.170Z",
    "is_admin": false,
    "is_staff": false,
    "is_active": true,
    "is_superadmin": false
  }
},
{
  "model": "accounts.account",
  "pk": 6,
  "fields": {
    "password": "pbkdf2_sha256$600000$HDN97NqbZnejYEYffGFztY$BbZagj9rmmfXc0lpiJz9p1cN4IcVO/EOP5Lnpca6D4M=",
    "first_name": "Valentina",
    "last_name": "Minotti",
    "username": "ufficiostampa_ahkghxij",
    "email": "ufficiostampa@teatrocambiano.com",
    "phone_number": "3478152515",
    "date_joined": "2024-05-24T06:56:14.451Z",
    "last_login": "2024-06-07T13:25:49.114Z",
    "is_admin": false,
    "is_staff": false,
    "is_active": true,
    "is_superadmin": false
  }
},
{
  "model": "accounts.userprofile",
  "pk": 1,
  "fields": {
    "user": 1,
    "address_line1": "via Campi Rotondi 35",
    "address_line2": "primo piano",
    "profile_picture": "userprofile/User-Avatar-Profile-PNG-Isolated-Transparent-Picture_Npf3VM5.png",
    "city": "Cambiano",
    "province": "TO",
    "post_code": "10020"
  }
},
{
  "model": "accounts.userprofile",
  "pk": 2,
  "fields": {
    "user": 2,
    "address_line1": "via Campi Rotondi 35",
    "address_line2": "piano terra",
    "profile_picture": "userprofile/User-Avatar-Profile-PNG_dOId1XT.png",
    "city": "Cambiano",
    "province": "TO",
    "post_code": "10020"
  }
},
{
  "model": "accounts.userprofile",
  "pk": 3,
  "fields": {
    "user": 3,
    "address_line1": "Via Lame, 4",
    "address_line2": "Teatro",
    "profile_picture": "userprofile/qrcode_img.png",
    "city": "Cambiano",
    "province": "TO",
    "post_code": "10020"
  }
},
{
  "model": "accounts.userprofile",
  "pk": 4,
  "fields": {
    "user": 4,
    "address_line1": "via Campi Rotondi 35",
    "address_line2": "primo piano",
    "profile_picture": "userprofile/pngtree-user-avatar-boy-image_1482937.jpg",
    "city": "Cambiano",
    "province": "TO",
    "post_code": "10020"
  }
},
{
  "model": "accounts.userprofile",
  "pk": 5,
  "fields": {
    "user": 5,
    "address_line1": "",
    "address_line2": "",
    "profile_picture": "default/default-user.png",
    "city": "",
    "province": "",
    "post_code": ""
  }
},
{
  "model": "accounts.userprofile",
  "pk": 6,
  "fields": {
    "user": 6,
    "address_line1": "",
    "address_line2": "",
    "profile_picture": "default/default-user.png",
    "city": "",
    "province": "",
    "post_code": ""
  }
},
{
  "model": "billboard.section",
  "pk": 1,
  "fields": {
    "name": "Prosa",
    "slug": "prosa",
    "default_price_full": "10",
    "default_price_reduced": "7"
  }
},
{
  "model": "billboard.section",
  "pk": 2,
  "fields": {
    "name": "Teatro Civile",
    "slug": "teatro-civile",
    "default_price_full": "0",
    "default_price_reduced": "0"
  }
},
{
  "model": "billboard.section",
  "pk": 3,
  "fields": {
    "name": "Musical",
    "slug": "musical",
    "default_price_full": "10",
    "default_price_reduced": "7"
  }
},
{
  "model": "billboard.section",
  "pk": 4,
  "fields": {
    "name": "Musica",
    "slug": "musica",
    "default_price_full": "10",
    "default_price_reduced": "7"
  }
},
{
  "model": "billboard.siaetype",
  "pk": 1,
  "fields": {
    "code": "45",
    "description": "Teatro prosa",
    "iva": 10
  }
},
{
  "model": "billboard.siaetype",
  "pk": 2,
  "fields": {
    "code": "46",
    "description": "Teatro prosa dial.",
    "iva": 10
  }
},
{
  "model": "billboard.siaetype",
  "pk": 3,
  "fields": {
    "code": "47",
    "description": "Teatro rep. nap.",
    "iva": 10
  }
},
{
  "model": "billboard.siaetype",
  "pk": 4,
  "fields": {
    "code": "49",
    "description": "Balletto class. mod",
    "iva": 10
  }
},
{
  "model": "billboard.siaetype",
  "pk": 5,
  "fields": {
    "code": "50",
    "description": "Operetta",
    "iva": 10
  }
},
{
  "model": "billboard.siaetype",
  "pk": 6,
  "fields": {
    "code": "51",
    "description": "Riviste-commedie musicali",
    "iva": 10
  }
},
{
  "model": "billboard.siaetype",
  "pk": 7,
  "fields": {
    "code": "54",
    "description": "Arte varia (IVA 10%)",
    "iva": 10
  }
},
{
  "model": "billboard.siaetype",
  "pk": 8,
  "fields": {
    "code": "56",
    "description": "Recitals letterari",
    "iva": 10
  }
},
{
  "model": "billboard.show",
  "pk": 1,
  "fields": {
    "shw_title": "...C'era una fiaba",
    "shw_theater_company": "Defibriller",
    "shw_author": "Defibriller",
    "shw_director": "Defibriller",
    "slug": "cera-una-fiaba",
    "description": "I Defibriller sono Angela, Silvia, Duilio e Matteo, quattro amici che dopo un periodo di militanza in una compagnia teatrale di Musical, hanno pensato di creare un quartetto vocale, prendendo come modello le belle parodie del Quartetto Cetra ed alcuni lavori degli Oblivion, realizzando una simpatica performance di varietà con un incoraggiante riscontro dal pubblico.\r\nEd ora, replica dopo replica, lo show si arricchisce di nuovi numeri anche originali per offrirvi un momento di divertimento e spensieratezza.\r\nMa perché il nome Defibriller?\r\nLoro raccontano che quando arrivano alle prove stanchi e disfatti dopo una giornata di fatiche, ne escono con una carica pazzesca!\r\nState quindi attenti, accesi e belli carichi anche voi, ne vedrete delle belle!",
    "shw_code": "SHW90823",
    "section": 3,
    "responsible_mail": "anna.gariglio@gmail.com",
    "shw_image": "photos/billboard/defibriller_uGiwL8x.jpg",
    "siaetype": 6,
    "is_in_billboard": true,
    "is_active": true
  }
},
{
  "model": "billboard.show",
  "pk": 2,
  "fields": {
    "shw_title": "Il marito di mio figlio",
    "shw_theater_company": "Thealtro",
    "shw_author": "Daniele Falleri",
    "shw_director": "Cristina Robasto",
    "slug": "il-marito-di-mio-figlio",
    "description": "Classica commedia degli equivoci con il ritmo del più classico dei Vaudeville… che affronta un tabù moderno, ovvero “Il matrimonio gay”. Domani Giorgino e Michele (alias George & Michael) si sposano. Presi all’ultimo da uno scrupolo di coscienza, decidono di affrontare i rispettivi genitori convocandoli in casa loro per comunicargli la notizia.\r\nMa la rivelazione della propria omosessualità crea uno scompiglio che va oltre l’immaginazione dei due futuri sposi.\r\nUn abile stravolgimento di fronte porta ad un’escalation di colpi di scena e di situazioni comico/paradossali che ricalcano, a tratti, i dettami della commedia all’italiana. Le nozze saltano a colpi di sessualità confuse, amanti inaspettati, relazioni segrete e intrecci etero/omosessuali che non risparmiano neanche i genitori della ormai scoppiata coppia.\r\nLa commedia nel più puro stile del Vaudeville è occasione per Thealtro di leggere ed affrontare aspetti della vita affettiva che possono toccare tutti in modo trasversale ai generi, alle identità ed agli orientamenti sessuali, nell’ottica più “semplice” di tutte: quella della normalità dell’amore.\r\nLa messa in scena punta, nel rispetto del testo originale, ad accompagnare lo spettatore attraverso le situazioni paradossali, tragicomiche e talora assurde che accompagnano due giovani sposi nel cammino verso l’altare, e poco importa alla fine che risuoni e rimbombi in teatro la frase: Vi dichiaro marito e… Marito! E allora… se matrimonio ha da essere che matrimonio sia! Lontano dagli stereotipi e dall’eccesso per cui il panorama lgbt è spesso conosciuto, questo allestimento ne esalta invece il sapore più leggero, anche nei confronti delle situazioni più “spinose” e sulle quali forse pochi riderebbero.",
    "shw_code": "SHW90824",
    "section": 1,
    "responsible_mail": "antogianchi@gmail.com",
    "shw_image": "photos/billboard/lmaritodimiofiglio_RSO3MKe.png",
    "siaetype": 1,
    "is_in_billboard": true,
    "is_active": true
  }
},
{
  "model": "billboard.show",
  "pk": 3,
  "fields": {
    "shw_title": "Madre Courage e i suoi figli",
    "shw_theater_company": "Laboratorio Teatrale di Cambiano",
    "shw_author": "Bertolt Bracht",
    "shw_director": "Beppe Miletto",
    "slug": "madre-courage-e-i-suoi-figli",
    "description": "Madre Coraggio e i suoi figli\r\n\r\nAutore\tBertolt Brecht\r\nTitolo originale\tMutter Courage und ihre Kinder\r\n\r\nLingua originale\tTedesco\r\nComposto nel\t1938-1939\r\nPrima assoluta\t19 aprile 1941\r\nSchauspielhaus di Zurigo\r\nMadre Courage e i suoi figli (sottotitolo: Cronaca della guerra dei Trent'anni), sovente tradotto in Italia in Madre Coraggio e i suoi figli è uno dei capolavori di Bertolt Brecht che scrisse questo testo destinato al teatro fra il 1938 ed il 1939. Lo spettacolo andò in scena la prima volta a Zurigo nel 1941.\r\n\r\nScritto proprio alla vigilia della seconda guerra mondiale, il testo risulta essere una denuncia di tutte le guerre e degli orrori che esse producono. Sull'intento politico-ideologico prevale qui l'intento realistico di Brecht, che rappresenta la mentalità degli oppressi e le sue terribili contraddizioni.\r\n\r\nIl personaggio della protagonista e il soggetto sono ispirati alla Vita dell'arcitruffatrice e vagabonda Courasche (Lebensbeschreibung der Landstörzerin Courasche) di Hans Jakob Christoffel von Grimmelshausen.",
    "shw_code": "SHW90906",
    "section": 1,
    "responsible_mail": "piemore@hotmail.it",
    "shw_image": "photos/billboard/mutter_courage.png",
    "siaetype": 1,
    "is_in_billboard": true,
    "is_active": true
  }
},
{
  "model": "billboard.show",
  "pk": 4,
  "fields": {
    "shw_title": "I sonnambuli",
    "shw_theater_company": "Laboratorio Teatrale di Cambiano",
    "shw_author": "Hermann Broch",
    "shw_director": "FXF",
    "slug": "i-sonnambuli",
    "description": "«Inserire epoche storiche tanto diverse in una sola composizione», ha scritto Milan Kundera, è «una delle nuove possibilità, un tempo inconcepibili, che si sono aperte all’arte del romanzo del XX secolo non ap­pena ha saputo superare i limiti della fasci­nazione per le psicologie individuali e dedicarsi alla problematica esistenziale nel­l’accezione più ampia, generale, sovraindi­viduale della parola»; per poi proseguire: «...faccio riferimento ai Sonnambuli, dove Hermann Broch, per mostrarci l’esistenza europea travolta dal torrente della “degra­dazione dei valori”, si sofferma su tre distin­te epoche storiche: i tre gradini che l’Euro­pa scendeva verso il crollo finale della sua cultura e della sua ragion d’essere». Un torrente che parte, in questo primo pan­nello della trilogia romanzesca di Broch, dal tardo Ottocento, con lo smarrito Joa­chim von Pasenow, giovane Junker prussia­no, incerto se trasgredire i doveri di fami­glia e vivere alla giornata con la piccola Ru­zena, entraîneuse incontrata allo Jaeger­kasino, a Berlino, oppure seguire la via dell’«onore» e della tradizione, e chiedere in sposa l’avvenente Elisabeth, figlia di un proprietario terriero.\r\nMa è soprattutto nella forma letteraria, ag­giunge ancora Kundera, che Broch ha osa­to l’innovazione più audace, facendo en­trare nel romanzo il pensiero: una riflessio­ne che si rivela «tenacemente autonoma rispetto a ogni sistema di idee precostitui­te; non giudica; non proclama verità; si interroga, si stupisce, sonda; assume le forme più diverse: metaforica, ironica, ipotetica, iperbolica, aforistica, divertente, provoca­toria, estrosa; e soprattutto: non abbando­na mai il cerchio magico della vita dei per­sonaggi; è la vita dei personaggi ad alimen­tarla».",
    "shw_code": "SHW90907",
    "section": 1,
    "responsible_mail": "beppe.miletto@gmail.com",
    "shw_image": "photos/billboard/isonnambuli.png",
    "siaetype": 1,
    "is_in_billboard": true,
    "is_active": true
  }
},
{
  "model": "billboard.show",
  "pk": 5,
  "fields": {
    "shw_title": "Ciao Sergio Vassallo",
    "shw_theater_company": "Laboratorio Teatrale di Cambiano",
    "shw_author": "Roberto Russello",
    "shw_director": "Roberto Russello",
    "slug": "ciao-sergio-vassallo",
    "description": "Spettacolo in memoria di Sergio Vassallo",
    "shw_code": "SHW90810",
    "section": 1,
    "responsible_mail": "roberto.russello@gmail.com",
    "shw_image": "photos/billboard/sergio.jpg",
    "siaetype": 7,
    "is_in_billboard": true,
    "is_active": true
  }
},
{
  "model": "billboard.venue",
  "pk": 1,
  "fields": {
    "name": "Teatro Comunale di Cambiano",
    "slug": "teatro-comunale-di-cambiano",
    "address": "Via Lame 4 - 10020 Cambiano (TO)",
    "capacity": 234,
    "ba_code_siae": "0050450366484",
    "local_code_siae": "045"
  }
},
{
  "model": "billboard.venue",
  "pk": 2,
  "fields": {
    "name": "Biblioteca Civica",
    "slug": "biblioteca-civica",
    "address": "Via Luigi Lagrange 1 - 10020 Cambiano (TO)",
    "capacity": 100,
    "ba_code_siae": "0050451726520",
    "local_code_siae": "045"
  }
},
{
  "model": "boxoffice.paymentmethod",
  "pk": 1,
  "fields": {
    "name": "Cash",
    "slug": "cash",
    "code": null,
    "account_type": 0,
    "commission_model": 0
  }
},
{
  "model": "boxoffice.paymentmethod",
  "pk": 2,
  "fields": {
    "name": "Satispay",
    "slug": "satispay",
    "code": null,
    "account_type": 2,
    "commission_model": 2
  }
},
{
  "model": "boxoffice.paymentmethod",
  "pk": 3,
  "fields": {
    "name": "Sumup",
    "slug": "sumup",
    "code": null,
    "account_type": 3,
    "commission_model": 1
  }
},
{
  "model": "boxoffice.paymentmethod",
  "pk": 4,
  "fields": {
    "name": "Bonifico",
    "slug": "bonifico",
    "code": null,
    "account_type": 1,
    "commission_model": 0
  }
},
{
  "model": "boxoffice.boxofficetransaction",
  "pk": 13,
  "fields": {
    "user": 3,
    "event": 6,
    "seats_sold": "D10$2,D09$1,C10$2,C09$1",
    "payment_id": "00006.001",
    "payment_method": 3,
    "amount_paid": "34.00",
    "status": "Completed",
    "created_at": "2024-03-01T17:14:50.529Z"
  }
},
{
  "model": "boxoffice.boxofficetransaction",
  "pk": 14,
  "fields": {
    "user": 3,
    "event": 6,
    "seats_sold": "C13$1",
    "payment_id": "00006.002",
    "payment_method": 2,
    "amount_paid": " 7.00",
    "status": "Completed",
    "created_at": "2024-03-01T17:16:00.009Z"
  }
},
{
  "model": "boxoffice.boxofficetransaction",
  "pk": 15,
  "fields": {
    "user": 3,
    "event": 6,
    "seats_sold": "C14$2",
    "payment_id": "00006.003",
    "payment_method": 2,
    "amount_paid": "10.00",
    "status": "Completed",
    "created_at": "2024-03-01T17:16:15.119Z"
  }
},
{
  "model": "boxoffice.boxofficetransaction",
  "pk": 16,
  "fields": {
    "user": 3,
    "event": 6,
    "seats_sold": "C12$1",
    "payment_id": "00006.004",
    "payment_method": 1,
    "amount_paid": " 7.00",
    "status": "Completed",
    "created_at": "2024-03-01T17:16:27.852Z"
  }
},
{
  "model": "boxoffice.boxofficetransaction",
  "pk": 17,
  "fields": {
    "user": 3,
    "event": 6,
    "seats_sold": "C11$1",
    "payment_id": "00006.005",
    "payment_method": 1,
    "amount_paid": " 7.00",
    "status": "Completed",
    "created_at": "2024-03-01T17:16:37.830Z"
  }
},
{
  "model": "boxoffice.boxofficetransaction",
  "pk": 51,
  "fields": {
    "user": 3,
    "event": 14,
    "seats_sold": "L12$1,L11$2",
    "payment_id": "00014.001",
    "payment_method": 1,
    "amount_paid": "17.00",
    "status": "Completed",
    "created_at": "2024-05-09T10:20:16.547Z"
  }
},
{
  "model": "boxoffice.boxofficetransaction",
  "pk": 52,
  "fields": {
    "user": 3,
    "event": 14,
    "seats_sold": "C13$2,C12$2,C11$2",
    "payment_id": "00014.002",
    "payment_method": 3,
    "amount_paid": "30.00",
    "status": "Completed",
    "created_at": "2024-05-09T10:20:45.519Z"
  }
},
{
  "model": "boxoffice.boxofficetransaction",
  "pk": 53,
  "fields": {
    "user": 3,
    "event": 14,
    "seats_sold": "D07$1,D06$1,D08$2,D09$2,D10$0",
    "payment_id": "00014.003",
    "payment_method": 2,
    "amount_paid": "34.00",
    "status": "Completed",
    "created_at": "2024-05-09T10:21:17.831Z"
  }
},
{
  "model": "boxoffice.boxofficetransaction",
  "pk": 54,
  "fields": {
    "user": 3,
    "event": 14,
    "seats_sold": "F13$1,E13$1,F12$1,E12$2,F11$2,E11$1",
    "payment_id": "00014.004",
    "payment_method": 1,
    "amount_paid": "48.00",
    "status": "Completed",
    "created_at": "2024-05-09T10:21:56.813Z"
  }
},
{
  "model": "boxoffice.boxofficetransaction",
  "pk": 55,
  "fields": {
    "user": 3,
    "event": 14,
    "seats_sold": "E08$0,E09$0,E10$0",
    "payment_id": "00014.005",
    "payment_method": 1,
    "amount_paid": " 0.00",
    "status": "Completed",
    "created_at": "2024-05-09T10:22:53.802Z"
  }
},
{
  "model": "boxoffice.boxofficetransaction",
  "pk": 56,
  "fields": {
    "user": 3,
    "event": 14,
    "seats_sold": "C10$2,C09$2",
    "payment_id": "00014.006",
    "payment_method": 3,
    "amount_paid": "20.00",
    "status": "Completed",
    "created_at": "2024-05-09T10:23:21.181Z"
  }
},
{
  "model": "boxoffice.boxofficetransaction",
  "pk": 57,
  "fields": {
    "user": 3,
    "event": 14,
    "seats_sold": "I02$1,I03$1,I04$1,I05$1,I06$1,I07$1,I08$1,I09$1,I10$1",
    "payment_id": "00014.007",
    "payment_method": 3,
    "amount_paid": "63.00",
    "status": "Completed",
    "created_at": "2024-05-09T10:23:51.860Z"
  }
},
{
  "model": "boxoffice.boxofficetransaction",
  "pk": 58,
  "fields": {
    "user": 3,
    "event": 14,
    "seats_sold": "I14$2,I13$2,I12$1,I11$1",
    "payment_id": "00014.008",
    "payment_method": 1,
    "amount_paid": "34.00",
    "status": "Completed",
    "created_at": "2024-05-09T10:24:38.205Z"
  }
},
{
  "model": "boxoffice.boxofficetransaction",
  "pk": 59,
  "fields": {
    "user": 3,
    "event": 14,
    "seats_sold": "Q12$2,Q11$1,Q10$1,Q09$0",
    "payment_id": "00014.009",
    "payment_method": 3,
    "amount_paid": "24.00",
    "status": "Completed",
    "created_at": "2024-05-09T10:25:20.582Z"
  }
},
{
  "model": "boxoffice.boxofficetransaction",
  "pk": 60,
  "fields": {
    "user": 3,
    "event": 14,
    "seats_sold": "D13$2,D12$2,D11$2",
    "payment_id": "00014.010",
    "payment_method": 1,
    "amount_paid": "30.00",
    "status": "Completed",
    "created_at": "2024-05-09T10:25:55.592Z"
  }
},
{
  "model": "boxoffice.boxofficetransaction",
  "pk": 61,
  "fields": {
    "user": 3,
    "event": 14,
    "seats_sold": "C06$2,C07$1,C08$0",
    "payment_id": "00014.011",
    "payment_method": 1,
    "amount_paid": "17.00",
    "status": "Completed",
    "created_at": "2024-05-09T13:07:04.781Z"
  }
},
{
  "model": "boxoffice.boxofficetransaction",
  "pk": 62,
  "fields": {
    "user": 3,
    "event": 14,
    "seats_sold": "C03$0,C04$1,C05$2",
    "payment_id": "00014.012",
    "payment_method": 3,
    "amount_paid": "17.00",
    "status": "Completed",
    "created_at": "2024-05-09T13:07:58.589Z"
  }
},
{
  "model": "boxoffice.boxofficetransaction",
  "pk": 63,
  "fields": {
    "user": 3,
    "event": 14,
    "seats_sold": "D05$0,D04$1,D03$2",
    "payment_id": "00014.013",
    "payment_method": 3,
    "amount_paid": "17.00",
    "status": "Completed",
    "created_at": "2024-05-09T13:10:59.556Z"
  }
},
{
  "model": "boxoffice.boxofficetransaction",
  "pk": 64,
  "fields": {
    "user": 3,
    "event": 14,
    "seats_sold": "C18$0,C17$1,C16$2,C15$1,C14$2",
    "payment_id": "00014.014",
    "payment_method": 2,
    "amount_paid": "34.00",
    "status": "Completed",
    "created_at": "2024-05-09T13:12:25.603Z"
  }
},
{
  "model": "boxoffice.boxofficetransaction",
  "pk": 65,
  "fields": {
    "user": 3,
    "event": 14,
    "seats_sold": "E05$2,E04$2,E03$2",
    "payment_id": "00014.015",
    "payment_method": 1,
    "amount_paid": "30.00",
    "status": "Completed",
    "created_at": "2024-05-09T13:23:04.272Z"
  }
},
{
  "model": "boxoffice.boxofficetransaction",
  "pk": 66,
  "fields": {
    "user": 3,
    "event": 14,
    "seats_sold": "E07$2,E06$2",
    "payment_id": "00014.016",
    "payment_method": 1,
    "amount_paid": "20.00",
    "status": "Completed",
    "created_at": "2024-05-09T13:23:32.249Z"
  }
},
{
  "model": "boxoffice.boxofficetransaction",
  "pk": 67,
  "fields": {
    "user": 3,
    "event": 14,
    "seats_sold": "D18$2,D17$2,D16$2,D15$2,D14$2",
    "payment_id": "00014.017",
    "payment_method": 1,
    "amount_paid": "50.00",
    "status": "Completed",
    "created_at": "2024-05-09T13:27:01.589Z"
  }
},
{
  "model": "boxoffice.boxofficetransaction",
  "pk": 68,
  "fields": {
    "user": 3,
    "event": 14,
    "seats_sold": "E18$2,E17$2,E16$2,E15$2,E14$2",
    "payment_id": "00014.018",
    "payment_method": 3,
    "amount_paid": "50.00",
    "status": "Completed",
    "created_at": "2024-05-09T13:29:54.956Z"
  }
},
{
  "model": "boxoffice.boxofficetransaction",
  "pk": 69,
  "fields": {
    "user": 3,
    "event": 14,
    "seats_sold": "F19$2,F18$2,F17$2,F16$2,F15$2,F14$2",
    "payment_id": "00014.019",
    "payment_method": 1,
    "amount_paid": "60.00",
    "status": "Completed",
    "created_at": "2024-05-09T13:31:55.624Z"
  }
},
{
  "model": "boxoffice.boxofficetransaction",
  "pk": 70,
  "fields": {
    "user": 3,
    "event": 14,
    "seats_sold": "F06$2,F07$2,F09$2,F08$2,F10$2",
    "payment_id": "00014.020",
    "payment_method": 1,
    "amount_paid": "50.00",
    "status": "Completed",
    "created_at": "2024-05-09T13:36:56.291Z"
  }
},
{
  "model": "boxoffice.boxofficetransaction",
  "pk": 71,
  "fields": {
    "user": 3,
    "event": 14,
    "seats_sold": "F05$2,F04$2,F03$2,F02$2",
    "payment_id": "00014.021",
    "payment_method": 1,
    "amount_paid": "40.00",
    "status": "Completed",
    "created_at": "2024-05-09T13:40:08.645Z"
  }
},
{
  "model": "boxoffice.boxofficetransaction",
  "pk": 72,
  "fields": {
    "user": 3,
    "event": 14,
    "seats_sold": "G06$2,G05$2,G04$2,G03$2,G02$2",
    "payment_id": "00014.022",
    "payment_method": 2,
    "amount_paid": "50.00",
    "status": "Completed",
    "created_at": "2024-05-09T13:41:21.202Z"
  }
},
{
  "model": "boxoffice.boxofficetransaction",
  "pk": 73,
  "fields": {
    "user": 3,
    "event": 14,
    "seats_sold": "G10$1,G09$2,G08$1,G07$0",
    "payment_id": "00014.023",
    "payment_method": 1,
    "amount_paid": "24.00",
    "status": "Completed",
    "created_at": "2024-05-09T13:52:21.194Z"
  }
},
{
  "model": "boxoffice.boxofficetransaction",
  "pk": 74,
  "fields": {
    "user": 3,
    "event": 14,
    "seats_sold": "G13$1,G12$1,G11$1",
    "payment_id": "00014.024",
    "payment_method": 3,
    "amount_paid": "21.00",
    "status": "Completed",
    "created_at": "2024-05-09T13:53:57.872Z"
  }
},
{
  "model": "boxoffice.boxofficetransaction",
  "pk": 75,
  "fields": {
    "user": 3,
    "event": 14,
    "seats_sold": "G19$2,G18$2,G17$2,G16$2,G15$2,G14$2",
    "payment_id": "00014.025",
    "payment_method": 2,
    "amount_paid": "60.00",
    "status": "Completed",
    "created_at": "2024-05-09T13:55:23.244Z"
  }
},
{
  "model": "boxoffice.boxofficetransaction",
  "pk": 76,
  "fields": {
    "user": 3,
    "event": 14,
    "seats_sold": "H06$2,H05$2,H04$2,H03$2,H02$2",
    "payment_id": "00014.026",
    "payment_method": 1,
    "amount_paid": "50.00",
    "status": "Completed",
    "created_at": "2024-05-09T14:17:25.404Z"
  }
},
{
  "model": "boxoffice.boxofficetransaction",
  "pk": 77,
  "fields": {
    "user": 3,
    "event": 14,
    "seats_sold": "H10$2,H09$2,H08$2,H07$2",
    "payment_id": "00014.027",
    "payment_method": 2,
    "amount_paid": "40.00",
    "status": "Completed",
    "created_at": "2024-05-09T14:39:57.217Z"
  }
},
{
  "model": "boxoffice.boxofficetransaction",
  "pk": 78,
  "fields": {
    "user": 3,
    "event": 14,
    "seats_sold": "H14$2,H13$2,H12$2,H11$2",
    "payment_id": "00014.028",
    "payment_method": 1,
    "amount_paid": "40.00",
    "status": "Completed",
    "created_at": "2024-05-09T14:40:32.520Z"
  }
},
{
  "model": "boxoffice.boxofficetransaction",
  "pk": 79,
  "fields": {
    "user": 3,
    "event": 14,
    "seats_sold": "H19$1,H18$1,H17$2,H16$2,H15$2",
    "payment_id": "00014.029",
    "payment_method": 1,
    "amount_paid": "44.00",
    "status": "Completed",
    "created_at": "2024-05-09T15:35:34.319Z"
  }
},
{
  "model": "boxoffice.boxofficetransaction",
  "pk": 80,
  "fields": {
    "user": 3,
    "event": 14,
    "seats_sold": "I19$2,I18$2,I17$2,I16$2,I15$2",
    "payment_id": "00014.030",
    "payment_method": 2,
    "amount_paid": "50.00",
    "status": "Completed",
    "created_at": "2024-05-10T08:31:59.985Z"
  }
},
{
  "model": "boxoffice.boxofficetransaction",
  "pk": 81,
  "fields": {
    "user": 3,
    "event": 14,
    "seats_sold": "Q16$2,Q15$1,Q14$1,Q13$0",
    "payment_id": "00014.031",
    "payment_method": 1,
    "amount_paid": "24.00",
    "status": "Completed",
    "created_at": "2024-05-10T08:36:49.424Z"
  }
},
{
  "model": "boxoffice.boxofficetransaction",
  "pk": 91,
  "fields": {
    "user": 3,
    "event": 6,
    "seats_sold": "H11$1,L10$2,L09$2,L08$2,C12$1,C12$1",
    "payment_id": "00006.006",
    "payment_method": 1,
    "amount_paid": "51.00",
    "status": "Completed",
    "created_at": "2024-06-03T10:47:29.879Z"
  }
},
{
  "model": "boxoffice.boxofficetransaction",
  "pk": 103,
  "fields": {
    "user": 3,
    "event": 10,
    "seats_sold": "C18$1,C17$1,C16$2,C15$2,C14$2,C13$2",
    "payment_id": "00010.001",
    "payment_method": 2,
    "amount_paid": "54.00",
    "status": "Completed",
    "created_at": "2024-06-04T08:42:38.173Z"
  }
},
{
  "model": "boxoffice.boxofficetransaction",
  "pk": 104,
  "fields": {
    "user": 3,
    "event": 10,
    "seats_sold": "D15$1,D14$1,D13$2",
    "payment_id": "00010.002",
    "payment_method": 3,
    "amount_paid": "24.00",
    "status": "Completed",
    "created_at": "2024-06-04T09:24:39.636Z"
  }
},
{
  "model": "boxoffice.boxofficetransaction",
  "pk": 105,
  "fields": {
    "user": 3,
    "event": 10,
    "seats_sold": "I07$2,I08$1,I09$1,I10$0",
    "payment_id": "00010.003",
    "payment_method": 3,
    "amount_paid": "24.00",
    "status": "Completed",
    "created_at": "2024-06-04T10:42:03.435Z"
  }
},
{
  "model": "boxoffice.boxofficetransaction",
  "pk": 121,
  "fields": {
    "user": 3,
    "event": 10,
    "seats_sold": "D12$2,D11$2",
    "payment_id": "00010.004",
    "payment_method": 2,
    "amount_paid": "20.00",
    "status": "Completed",
    "created_at": "2024-06-07T07:15:57.637Z"
  }
},
{
  "model": "boxoffice.boxofficetransaction",
  "pk": 122,
  "fields": {
    "user": 3,
    "event": 10,
    "seats_sold": "Q20$1,Q19$1",
    "payment_id": "00010.005",
    "payment_method": 2,
    "amount_paid": "14.00",
    "status": "Completed",
    "created_at": "2024-06-07T07:19:43.424Z"
  }
},
{
  "model": "boxoffice.boxofficetransaction",
  "pk": 123,
  "fields": {
    "user": 3,
    "event": 15,
    "seats_sold": "C06$1,C07$1,C08$2",
    "payment_id": "00015.001",
    "payment_method": 2,
    "amount_paid": " 0.00",
    "status": "Completed",
    "created_at": "2024-06-07T13:42:41.127Z"
  }
},
{
  "model": "boxoffice.boxofficetransaction",
  "pk": 124,
  "fields": {
    "user": 3,
    "event": 15,
    "seats_sold": "C03$2,C04$2",
    "payment_id": "00015.002",
    "payment_method": 2,
    "amount_paid": " 0.00",
    "status": "Completed",
    "created_at": "2024-06-07T13:58:57.900Z"
  }
},
{
  "model": "boxoffice.boxofficetransaction",
  "pk": 125,
  "fields": {
    "user": 3,
    "event": 15,
    "seats_sold": "C05$0",
    "payment_id": "00015.003",
    "payment_method": 2,
    "amount_paid": " 0.00",
    "status": "Completed",
    "created_at": "2024-06-07T13:59:11.189Z"
  }
},
{
  "model": "boxoffice.boxofficetransaction",
  "pk": 126,
  "fields": {
    "user": 3,
    "event": 10,
    "seats_sold": "C07$2,C06$2,C05$2,C04$2,C03$2",
    "payment_id": "00010.006",
    "payment_method": 1,
    "amount_paid": "50.00",
    "status": "Completed",
    "created_at": "2024-07-02T12:38:14.637Z"
  }
},
{
  "model": "boxoffice.boxofficetransaction",
  "pk": 127,
  "fields": {
    "user": 3,
    "event": 10,
    "seats_sold": "D10$2,D09$2,D08$2,D07$2,D06$2,D05$2,D04$2,D03$2",
    "payment_id": "00010.007",
    "payment_method": 2,
    "amount_paid": "80.00",
    "status": "Completed",
    "created_at": "2024-07-02T12:41:04.159Z"
  }
},
{
  "model": "boxoffice.boxofficetransaction",
  "pk": 128,
  "fields": {
    "user": 3,
    "event": 10,
    "seats_sold": "E11$2",
    "payment_id": "00010.008",
    "payment_method": 3,
    "amount_paid": "10.00",
    "status": "Completed",
    "created_at": "2024-07-02T12:41:35.259Z"
  }
},
{
  "model": "boxoffice.boxofficetransaction",
  "pk": 129,
  "fields": {
    "user": 3,
    "event": 10,
    "seats_sold": "E12$1",
    "payment_id": "00010.009",
    "payment_method": 3,
    "amount_paid": " 7.00",
    "status": "Completed",
    "created_at": "2024-07-02T12:41:56.339Z"
  }
},
{
  "model": "boxoffice.boxofficetransaction",
  "pk": 130,
  "fields": {
    "user": 3,
    "event": 10,
    "seats_sold": "D18$2,D17$1,D16$1,D15$2,D14$2,D13$2",
    "payment_id": "00010.010",
    "payment_method": 1,
    "amount_paid": "54.00",
    "status": "Completed",
    "created_at": "2024-07-02T12:43:36.517Z"
  }
},
{
  "model": "boxoffice.boxofficetransaction",
  "pk": 131,
  "fields": {
    "user": 3,
    "event": 10,
    "seats_sold": "I14$0,I13$1,I12$1,I11$2",
    "payment_id": "00010.011",
    "payment_method": 1,
    "amount_paid": "24.00",
    "status": "Completed",
    "created_at": "2024-07-02T12:44:22.526Z"
  }
},
{
  "model": "boxoffice.boxofficetransaction",
  "pk": 132,
  "fields": {
    "user": 3,
    "event": 10,
    "seats_sold": "C08$2,C09$1,C10$2",
    "payment_id": "00010.012",
    "payment_method": 1,
    "amount_paid": "27.00",
    "status": "Completed",
    "created_at": "2024-07-02T12:56:34.290Z"
  }
},
{
  "model": "boxoffice.boxofficetransaction",
  "pk": 133,
  "fields": {
    "user": 3,
    "event": 10,
    "seats_sold": "C12$1,C11$2",
    "payment_id": "00010.013",
    "payment_method": 3,
    "amount_paid": "17.00",
    "status": "Completed",
    "created_at": "2024-07-02T12:56:44.117Z"
  }
},
{
  "model": "boxoffice.boxofficetransaction",
  "pk": 134,
  "fields": {
    "user": 3,
    "event": 7,
    "seats_sold": "C18$2,C17$1",
    "payment_id": "00007.001",
    "payment_method": 3,
    "amount_paid": "17.00",
    "status": "Completed",
    "created_at": "2024-07-02T12:58:40.221Z"
  }
},
{
  "model": "boxoffice.customerprofile",
  "pk": 3,
  "fields": {
    "first_name": "Tiziano",
    "last_name": "Giro",
    "address": "Via D'Ovia 0",
    "city": "Cambiano",
    "province": "TO",
    "post_code": "10020",
    "email": "tiziano.giro@gmail.com",
    "phone_number": "0119442156"
  }
},
{
  "model": "boxoffice.customerprofile",
  "pk": 4,
  "fields": {
    "first_name": "Monica",
    "last_name": "Dimarco",
    "address": "via Liberazione",
    "city": "Moncalieri",
    "province": "TO",
    "post_code": "10010",
    "email": "monica.dimarco@gmail.com",
    "phone_number": "0116451223"
  }
},
{
  "model": "boxoffice.customerprofile",
  "pk": 5,
  "fields": {
    "first_name": "Pierpaolo",
    "last_name": "Bispini",
    "address": "via Campi Rotondi 12",
    "city": "Cambiano",
    "province": "TO",
    "post_code": "10020",
    "email": "pierpa.bispi@gmail.com",
    "phone_number": "333 33333333"
  }
},
{
  "model": "boxoffice.customerprofile",
  "pk": 7,
  "fields": {
    "first_name": "Adriano",
    "last_name": "Pizzo",
    "address": "via Roma 5",
    "city": "Pecetto",
    "province": "TO",
    "post_code": "10020",
    "email": "adripizzo@gmail.com",
    "phone_number": "0116451223"
  }
},
{
  "model": "boxoffice.customerprofile",
  "pk": 8,
  "fields": {
    "first_name": "Beatrice",
    "last_name": "DeGiorgis",
    "address": "via Olgettine",
    "city": "Torino",
    "province": "TO",
    "post_code": "10010",
    "email": "adegio@gmail.com",
    "phone_number": "0269696969"
  }
},
{
  "model": "boxoffice.customerprofile",
  "pk": 9,
  "fields": {
    "first_name": "Giuseppe",
    "last_name": "Miletto",
    "address": "via Campi Rotondi 35",
    "city": "Cambiano",
    "province": "TO",
    "post_code": "10020",
    "email": "beppe.miletto@gmail.com",
    "phone_number": "0269696969"
  }
},
{
  "model": "boxoffice.customerprofile",
  "pk": 10,
  "fields": {
    "first_name": "Adriano",
    "last_name": "Miletto",
    "address": "Via D'Ovia 0",
    "city": "Cambiano",
    "province": "TO",
    "post_code": "10020",
    "email": "admile@gmail.com",
    "phone_number": "0116451223"
  }
},
{
  "model": "boxoffice.customerprofile",
  "pk": 11,
  "fields": {
    "first_name": "Beatrice",
    "last_name": "DeLuca",
    "address": "Via D'Ovia 0",
    "city": "Cambiano",
    "province": "TO",
    "post_code": "10020",
    "email": "bedelu@gmail.com",
    "phone_number": "0116451223"
  }
},
{
  "model": "boxoffice.customerprofile",
  "pk": 12,
  "fields": {
    "first_name": "Antonella",
    "last_name": "Giordano",
    "address": "via Roma 5",
    "city": "Moncalieri",
    "province": "TO",
    "post_code": "10015",
    "email": "antogiordi@gmail.com",
    "phone_number": "0116451223"
  }
},
{
  "model": "boxoffice.customerprofile",
  "pk": 13,
  "fields": {
    "first_name": "Silvio",
    "last_name": "Orlando",
    "address": "Via Palestro",
    "city": "Roma",
    "province": "Roma",
    "post_code": "00185",
    "email": "silvioorlando@gmail.com",
    "phone_number": "065689742"
  }
},
{
  "model": "boxoffice.customerprofile",
  "pk": 14,
  "fields": {
    "first_name": "Silvio",
    "last_name": "Berlusconi",
    "address": "via Olgettine",
    "city": "Milano",
    "province": "MI",
    "post_code": "00156",
    "email": "sberlusca@gmail.com",
    "phone_number": "0269696969"
  }
},
{
  "model": "boxoffice.customerprofile",
  "pk": 16,
  "fields": {
    "first_name": "Valentina",
    "last_name": "Minotti",
    "address": "via Campi Rotondi 35",
    "city": "Cambiano",
    "province": "TO",
    "post_code": "10020",
    "email": "vale.minotti@libero.it",
    "phone_number": "333 33333333"
  }
},
{
  "model": "boxoffice.customerprofile",
  "pk": 21,
  "fields": {
    "first_name": "Dario",
    "last_name": "Nicolazzi",
    "address": "via Roma 5",
    "city": "Volvera",
    "province": "TO",
    "post_code": "10040",
    "email": "dario.nicolazzi@gmail.com",
    "phone_number": "0119442156"
  }
},
{
  "model": "boxoffice.customerprofile",
  "pk": 22,
  "fields": {
    "first_name": "Denise",
    "last_name": "Minotti",
    "address": "via Stupinigi 16",
    "city": "Nichelino",
    "province": "TO",
    "post_code": "10030",
    "email": "deniminotti@libero.it",
    "phone_number": "345859678"
  }
},
{
  "model": "boxoffice.customerprofile",
  "pk": 23,
  "fields": {
    "first_name": "Alessio",
    "last_name": "Gasparini",
    "address": "via Einaudi",
    "city": "Santena",
    "province": "TO",
    "post_code": "10035",
    "email": "alegaspa@yahoo.com",
    "phone_number": "3475689742"
  }
},
{
  "model": "boxoffice.customerprofile",
  "pk": 24,
  "fields": {
    "first_name": "Pinuccio",
    "last_name": "Continiello",
    "address": "vicolo Bertone 2",
    "city": "Cambiano",
    "province": "TO",
    "post_code": "10020",
    "email": "pinoconti@hotmail.it",
    "phone_number": "0119442654"
  }
},
{
  "model": "boxoffice.customerprofile",
  "pk": 25,
  "fields": {
    "first_name": "Pinuccio",
    "last_name": "Bellone",
    "address": "via Stupinigi 16",
    "city": "Mondovi",
    "province": "CN",
    "post_code": "12084",
    "email": "pinobello@gmail.com",
    "phone_number": "334859678"
  }
},
{
  "model": "boxoffice.boxofficebookingevent",
  "pk": 41,
  "fields": {
    "payment": null,
    "customer": 9,
    "event": 10,
    "seats_price": "C12$1,C11$2",
    "created_at": "2024-06-03T16:34:51.829Z",
    "updated_at": "2024-07-02T12:56:40.405Z",
    "booking_number": "00010_00009_000041",
    "expired": true
  }
},
{
  "model": "boxoffice.boxofficebookingevent",
  "pk": 42,
  "fields": {
    "payment": null,
    "customer": 23,
    "event": 10,
    "seats_price": "D12$2,D11$2",
    "created_at": "2024-06-04T08:00:57.038Z",
    "updated_at": "2024-06-07T07:15:50.910Z",
    "booking_number": "00010_00023_000042",
    "expired": true
  }
},
{
  "model": "boxoffice.boxofficebookingevent",
  "pk": 43,
  "fields": {
    "payment": null,
    "customer": 23,
    "event": 10,
    "seats_price": "E11$2",
    "created_at": "2024-06-04T08:36:49.348Z",
    "updated_at": "2024-07-02T12:41:25.443Z",
    "booking_number": "00010_00023_000043",
    "expired": true
  }
},
{
  "model": "boxoffice.boxofficebookingevent",
  "pk": 44,
  "fields": {
    "payment": null,
    "customer": 24,
    "event": 10,
    "seats_price": "C18$1,C17$1,C16$2,C15$2,C14$2,C13$2",
    "created_at": "2024-06-04T08:41:40.425Z",
    "updated_at": "2024-06-04T08:42:31.257Z",
    "booking_number": "00010_00024_000044",
    "expired": true
  }
},
{
  "model": "boxoffice.boxofficebookingevent",
  "pk": 46,
  "fields": {
    "payment": null,
    "customer": 24,
    "event": 15,
    "seats_price": "D13$2,D12$2",
    "created_at": "2024-06-06T15:02:27.478Z",
    "updated_at": "2024-06-06T15:05:59.053Z",
    "booking_number": "00015_00024_000046",
    "expired": false
  }
},
{
  "model": "boxoffice.boxofficebookingevent",
  "pk": 48,
  "fields": {
    "payment": null,
    "customer": 7,
    "event": 15,
    "seats_price": "D11$2",
    "created_at": "2024-06-06T15:07:03.134Z",
    "updated_at": "2024-06-06T15:07:54.670Z",
    "booking_number": "00015_00007_000048",
    "expired": true
  }
},
{
  "model": "boxoffice.boxofficebookingevent",
  "pk": 49,
  "fields": {
    "payment": null,
    "customer": 25,
    "event": 15,
    "seats_price": "D18$2,D17$2,D16$2,D15$2,D14$2",
    "created_at": "2024-06-07T13:23:10.210Z",
    "updated_at": "2024-06-07T13:23:10.215Z",
    "booking_number": "00015_00025_000049",
    "expired": false
  }
},
{
  "model": "boxoffice.boxofficebookingevent",
  "pk": 50,
  "fields": {
    "payment": null,
    "customer": 14,
    "event": 15,
    "seats_price": "C03$2,C04$2",
    "created_at": "2024-06-07T13:24:04.353Z",
    "updated_at": "2024-06-07T13:58:12.750Z",
    "booking_number": "00015_00014_000050",
    "expired": true
  }
},
{
  "model": "boxoffice.boxofficebookingevent",
  "pk": 51,
  "fields": {
    "payment": null,
    "customer": 7,
    "event": 15,
    "seats_price": "E18$2,E17$2,E16$2,E15$2,E14$2,E13$2,E12$2,E11$2",
    "created_at": "2024-06-07T13:24:23.671Z",
    "updated_at": "2024-06-07T13:24:23.675Z",
    "booking_number": "00015_00007_000051",
    "expired": false
  }
},
{
  "model": "boxoffice.boxofficebookingevent",
  "pk": 52,
  "fields": {
    "payment": null,
    "customer": 12,
    "event": 15,
    "seats_price": "E10$2,E09$2,E08$2,E07$2,E06$2,E05$2,E04$2,E03$2",
    "created_at": "2024-06-07T13:24:37.303Z",
    "updated_at": "2024-06-07T13:24:37.308Z",
    "booking_number": "00015_00012_000052",
    "expired": false
  }
},
{
  "model": "boxoffice.boxofficebookingevent",
  "pk": 53,
  "fields": {
    "payment": null,
    "customer": 11,
    "event": 15,
    "seats_price": "Q20$2,Q19$2,Q18$2,Q17$2,Q16$2,Q15$2,Q14$2,Q13$2,Q12$2,Q11$2",
    "created_at": "2024-06-07T13:24:54.886Z",
    "updated_at": "2024-06-07T13:24:54.891Z",
    "booking_number": "00015_00011_000053",
    "expired": false
  }
},
{
  "model": "boxoffice.boxofficebookingevent",
  "pk": 54,
  "fields": {
    "payment": null,
    "customer": 23,
    "event": 15,
    "seats_price": "C10$2,C09$2",
    "created_at": "2024-06-07T14:05:18.872Z",
    "updated_at": "2024-06-07T14:05:18.876Z",
    "booking_number": "00015_00023_000054",
    "expired": false
  }
},
{
  "model": "boxoffice.boxofficebookingevent",
  "pk": 55,
  "fields": {
    "payment": null,
    "customer": 23,
    "event": 11,
    "seats_price": "E10$2,E09$2,E08$2",
    "created_at": "2024-07-02T12:35:54.790Z",
    "updated_at": "2024-07-02T12:35:54.827Z",
    "booking_number": "00011_00023_000055",
    "expired": false
  }
},
{
  "model": "boxoffice.boxofficebookingevent",
  "pk": 56,
  "fields": {
    "payment": null,
    "customer": 8,
    "event": 11,
    "seats_price": "C13$2,C12$2,C11$2",
    "created_at": "2024-07-02T12:36:57.273Z",
    "updated_at": "2024-07-02T12:36:57.277Z",
    "booking_number": "00011_00008_000056",
    "expired": false
  }
},
{
  "model": "hall.seat",
  "pk": 1,
  "fields": {
    "name": "A05",
    "row": "A",
    "num_in_row": "5",
    "number": 1,
    "active": false
  }
},
{
  "model": "hall.seat",
  "pk": 2,
  "fields": {
    "name": "A06",
    "row": "A",
    "num_in_row": "6",
    "number": 2,
    "active": false
  }
},
{
  "model": "hall.seat",
  "pk": 3,
  "fields": {
    "name": "A07",
    "row": "A",
    "num_in_row": "7",
    "number": 3,
    "active": false
  }
},
{
  "model": "hall.seat",
  "pk": 4,
  "fields": {
    "name": "A08",
    "row": "A",
    "num_in_row": "8",
    "number": 4,
    "active": false
  }
},
{
  "model": "hall.seat",
  "pk": 5,
  "fields": {
    "name": "A09",
    "row": "A",
    "num_in_row": "9",
    "number": 5,
    "active": false
  }
},
{
  "model": "hall.seat",
  "pk": 6,
  "fields": {
    "name": "A10",
    "row": "A",
    "num_in_row": "10",
    "number": 6,
    "active": false
  }
},
{
  "model": "hall.seat",
  "pk": 7,
  "fields": {
    "name": "A11",
    "row": "A",
    "num_in_row": "11",
    "number": 7,
    "active": false
  }
},
{
  "model": "hall.seat",
  "pk": 8,
  "fields": {
    "name": "A12",
    "row": "A",
    "num_in_row": "12",
    "number": 8,
    "active": false
  }
},
{
  "model": "hall.seat",
  "pk": 9,
  "fields": {
    "name": "A13",
    "row": "A",
    "num_in_row": "13",
    "number": 9,
    "active": false
  }
},
{
  "model": "hall.seat",
  "pk": 10,
  "fields": {
    "name": "A14",
    "row": "A",
    "num_in_row": "14",
    "number": 10,
    "active": false
  }
},
{
  "model": "hall.seat",
  "pk": 11,
  "fields": {
    "name": "A15",
    "row": "A",
    "num_in_row": "15",
    "number": 11,
    "active": false
  }
},
{
  "model": "hall.seat",
  "pk": 12,
  "fields": {
    "name": "A16",
    "row": "A",
    "num_in_row": "16",
    "number": 12,
    "active": false
  }
},
{
  "model": "hall.seat",
  "pk": 13,
  "fields": {
    "name": "A17",
    "row": "A",
    "num_in_row": "17",
    "number": 13,
    "active": false
  }
},
{
  "model": "hall.seat",
  "pk": 14,
  "fields": {
    "name": "A18",
    "row": "A",
    "num_in_row": "18",
    "number": 14,
    "active": false
  }
},
{
  "model": "hall.seat",
  "pk": 15,
  "fields": {
    "name": "B04",
    "row": "B",
    "num_in_row": "4",
    "number": 15,
    "active": false
  }
},
{
  "model": "hall.seat",
  "pk": 16,
  "fields": {
    "name": "B05",
    "row": "B",
    "num_in_row": "5",
    "number": 16,
    "active": false
  }
},
{
  "model": "hall.seat",
  "pk": 17,
  "fields": {
    "name": "B06",
    "row": "B",
    "num_in_row": "6",
    "number": 17,
    "active": false
  }
},
{
  "model": "hall.seat",
  "pk": 18,
  "fields": {
    "name": "B07",
    "row": "B",
    "num_in_row": "7",
    "number": 18,
    "active": false
  }
},
{
  "model": "hall.seat",
  "pk": 19,
  "fields": {
    "name": "B08",
    "row": "B",
    "num_in_row": "8",
    "number": 19,
    "active": false
  }
},
{
  "model": "hall.seat",
  "pk": 20,
  "fields": {
    "name": "B09",
    "row": "B",
    "num_in_row": "9",
    "number": 20,
    "active": false
  }
},
{
  "model": "hall.seat",
  "pk": 21,
  "fields": {
    "name": "B10",
    "row": "B",
    "num_in_row": "10",
    "number": 21,
    "active": false
  }
},
{
  "model": "hall.seat",
  "pk": 22,
  "fields": {
    "name": "B11",
    "row": "B",
    "num_in_row": "11",
    "number": 22,
    "active": false
  }
},
{
  "model": "hall.seat",
  "pk": 23,
  "fields": {
    "name": "B12",
    "row": "B",
    "num_in_row": "12",
    "number": 23,
    "active": false
  }
},
{
  "model": "hall.seat",
  "pk": 24,
  "fields": {
    "name": "B13",
    "row": "B",
    "num_in_row": "13",
    "number": 24,
    "active": false
  }
},
{
  "model": "hall.seat",
  "pk": 25,
  "fields": {
    "name": "B14",
    "row": "B",
    "num_in_row": "14",
    "number": 25,
    "active": false
  }
},
{
  "model": "hall.seat",
  "pk": 26,
  "fields": {
    "name": "B15",
    "row": "B",
    "num_in_row": "15",
    "number": 26,
    "active": false
  }
},
{
  "model": "hall.seat",
  "pk": 27,
  "fields": {
    "name": "B16",
    "row": "B",
    "num_in_row": "16",
    "number": 27,
    "active": false
  }
},
{
  "model": "hall.seat",
  "pk": 28,
  "fields": {
    "name": "B17",
    "row": "B",
    "num_in_row": "17",
    "number": 28,
    "active": false
  }
},
{
  "model": "hall.seat",
  "pk": 29,
  "fields": {
    "name": "B18",
    "row": "B",
    "num_in_row": "18",
    "number": 29,
    "active": false
  }
},
{
  "model": "hall.seat",
  "pk": 30,
  "fields": {
    "name": "C03",
    "row": "C",
    "num_in_row": "3",
    "number": 30,
    "active": true
  }
},
{
  "model": "hall.seat",
  "pk": 31,
  "fields": {
    "name": "C04",
    "row": "C",
    "num_in_row": "4",
    "number": 31,
    "active": true
  }
},
{
  "model": "hall.seat",
  "pk": 32,
  "fields": {
    "name": "C05",
    "row": "C",
    "num_in_row": "5",
    "number": 32,
    "active": true
  }
},
{
  "model": "hall.seat",
  "pk": 33,
  "fields": {
    "name": "C06",
    "row": "C",
    "num_in_row": "6",
    "number": 33,
    "active": true
  }
},
{
  "model": "hall.seat",
  "pk": 34,
  "fields": {
    "name": "C07",
    "row": "C",
    "num_in_row": "7",
    "number": 34,
    "active": true
  }
},
{
  "model": "hall.seat",
  "pk": 35,
  "fields": {
    "name": "C08",
    "row": "C",
    "num_in_row": "8",
    "number": 35,
    "active": true
  }
},
{
  "model": "hall.seat",
  "pk": 36,
  "fields": {
    "name": "C09",
    "row": "C",
    "num_in_row": "9",
    "number": 36,
    "active": true
  }
},
{
  "model": "hall.seat",
  "pk": 37,
  "fields": {
    "name": "C10",
    "row": "C",
    "num_in_row": "10",
    "number": 37,
    "active": true
  }
},
{
  "model": "hall.seat",
  "pk": 38,
  "fields": {
    "name": "C11",
    "row": "C",
    "num_in_row": "11",
    "number": 38,
    "active": true
  }
},
{
  "model": "hall.seat",
  "pk": 39,
  "fields": {
    "name": "C12",
    "row": "C",
    "num_in_row": "12",
    "number": 39,
    "active": true
  }
},
{
  "model": "hall.seat",
  "pk": 40,
  "fields": {
    "name": "C13",
    "row": "C",
    "num_in_row": "13",
    "number": 40,
    "active": true
  }
},
{
  "model": "hall.seat",
  "pk": 41,
  "fields": {
    "name": "C14",
    "row": "C",
    "num_in_row": "14",
    "number": 41,
    "active": true
  }
},
{
  "model": "hall.seat",
  "pk": 42,
  "fields": {
    "name": "C15",
    "row": "C",
    "num_in_row": "15",
    "number": 42,
    "active": true
  }
},
{
  "model": "hall.seat",
  "pk": 43,
  "fields": {
    "name": "C16",
    "row": "C",
    "num_in_row": "16",
    "number": 43,
    "active": true
  }
},
{
  "model": "hall.seat",
  "pk": 44,
  "fields": {
    "name": "C17",
    "row": "C",
    "num_in_row": "17",
    "number": 44,
    "active": true
  }
},
{
  "model": "hall.seat",
  "pk": 45,
  "fields": {
    "name": "C18",
    "row": "C",
    "num_in_row": "18",
    "number": 45,
    "active": true
  }
},
{
  "model": "hall.seat",
  "pk": 46,
  "fields": {
    "name": "D03",
    "row": "D",
    "num_in_row": "3",
    "number": 46,
    "active": true
  }
},
{
  "model": "hall.seat",
  "pk": 47,
  "fields": {
    "name": "D04",
    "row": "D",
    "num_in_row": "4",
    "number": 47,
    "active": true
  }
},
{
  "model": "hall.seat",
  "pk": 48,
  "fields": {
    "name": "D05",
    "row": "D",
    "num_in_row": "5",
    "number": 48,
    "active": true
  }
},
{
  "model": "hall.seat",
  "pk": 49,
  "fields": {
    "name": "D06",
    "row": "D",
    "num_in_row": "6",
    "number": 49,
    "active": true
  }
},
{
  "model": "hall.seat",
  "pk": 50,
  "fields": {
    "name": "D07",
    "row": "D",
    "num_in_row": "7",
    "number": 50,
    "active": true
  }
},
{
  "model": "hall.seat",
  "pk": 51,
  "fields": {
    "name": "D08",
    "row": "D",
    "num_in_row": "8",
    "number": 51,
    "active": true
  }
},
{
  "model": "hall.seat",
  "pk": 52,
  "fields": {
    "name": "D09",
    "row": "D",
    "num_in_row": "9",
    "number": 52,
    "active": true
  }
},
{
  "model": "hall.seat",
  "pk": 53,
  "fields": {
    "name": "D10",
    "row": "D",
    "num_in_row": "10",
    "number": 53,
    "active": true
  }
},
{
  "model": "hall.seat",
  "pk": 54,
  "fields": {
    "name": "D11",
    "row": "D",
    "num_in_row": "11",
    "number": 54,
    "active": true
  }
},
{
  "model": "hall.seat",
  "pk": 55,
  "fields": {
    "name": "D12",
    "row": "D",
    "num_in_row": "12",
    "number": 55,
    "active": true
  }
},
{
  "model": "hall.seat",
  "pk": 56,
  "fields": {
    "name": "D13",
    "row": "D",
    "num_in_row": "13",
    "number": 56,
    "active": true
  }
},
{
  "model": "hall.seat",
  "pk": 57,
  "fields": {
    "name": "D14",
    "row": "D",
    "num_in_row": "14",
    "number": 57,
    "active": true
  }
},
{
  "model": "hall.seat",
  "pk": 58,
  "fields": {
    "name": "D15",
    "row": "D",
    "num_in_row": "15",
    "number": 58,
    "active": true
  }
},
{
  "model": "hall.seat",
  "pk": 59,
  "fields": {
    "name": "D16",
    "row": "D",
    "num_in_row": "16",
    "number": 59,
    "active": true
  }
},
{
  "model": "hall.seat",
  "pk": 60,
  "fields": {
    "name": "D17",
    "row": "D",
    "num_in_row": "17",
    "number": 60,
    "active": true
  }
},
{
  "model": "hall.seat",
  "pk": 61,
  "fields": {
    "name": "D18",
    "row": "D",
    "num_in_row": "18",
    "number": 61,
    "active": true
  }
},
{
  "model": "hall.seat",
  "pk": 62,
  "fields": {
    "name": "E03",
    "row": "E",
    "num_in_row": "3",
    "number": 62,
    "active": true
  }
},
{
  "model": "hall.seat",
  "pk": 63,
  "fields": {
    "name": "E04",
    "row": "E",
    "num_in_row": "4",
    "number": 63,
    "active": true
  }
},
{
  "model": "hall.seat",
  "pk": 64,
  "fields": {
    "name": "E05",
    "row": "E",
    "num_in_row": "5",
    "number": 64,
    "active": true
  }
},
{
  "model": "hall.seat",
  "pk": 65,
  "fields": {
    "name": "E06",
    "row": "E",
    "num_in_row": "6",
    "number": 65,
    "active": true
  }
},
{
  "model": "hall.seat",
  "pk": 66,
  "fields": {
    "name": "E07",
    "row": "E",
    "num_in_row": "7",
    "number": 66,
    "active": true
  }
},
{
  "model": "hall.seat",
  "pk": 67,
  "fields": {
    "name": "E08",
    "row": "E",
    "num_in_row": "8",
    "number": 67,
    "active": true
  }
},
{
  "model": "hall.seat",
  "pk": 68,
  "fields": {
    "name": "E09",
    "row": "E",
    "num_in_row": "9",
    "number": 68,
    "active": true
  }
},
{
  "model": "hall.seat",
  "pk": 69,
  "fields": {
    "name": "E10",
    "row": "E",
    "num_in_row": "10",
    "number": 69,
    "active": true
  }
},
{
  "model": "hall.seat",
  "pk": 70,
  "fields": {
    "name": "E11",
    "row": "E",
    "num_in_row": "11",
    "number": 70,
    "active": true
  }
},
{
  "model": "hall.seat",
  "pk": 71,
  "fields": {
    "name": "E12",
    "row": "E",
    "num_in_row": "12",
    "number": 71,
    "active": true
  }
},
{
  "model": "hall.seat",
  "pk": 72,
  "fields": {
    "name": "E13",
    "row": "E",
    "num_in_row": "13",
    "number": 72,
    "active": true
  }
},
{
  "model": "hall.seat",
  "pk": 73,
  "fields": {
    "name": "E14",
    "row": "E",
    "num_in_row": "14",
    "number": 73,
    "active": true
  }
},
{
  "model": "hall.seat",
  "pk": 74,
  "fields": {
    "name": "E15",
    "row": "E",
    "num_in_row": "15",
    "number": 74,
    "active": true
  }
},
{
  "model": "hall.seat",
  "pk": 75,
  "fields": {
    "name": "E16",
    "row": "E",
    "num_in_row": "16",
    "number": 75,
    "active": true
  }
},
{
  "model": "hall.seat",
  "pk": 76,
  "fields": {
    "name": "E17",
    "row": "E",
    "num_in_row": "17",
    "number": 76,
    "active": true
  }
},
{
  "model": "hall.seat",
  "pk": 77,
  "fields": {
    "name": "E18",
    "row": "E",
    "num_in_row": "18",
    "number": 77,
    "active": true
  }
},
{
  "model": "hall.seat",
  "pk": 78,
  "fields": {
    "name": "F02",
    "row": "F",
    "num_in_row": "2",
    "number": 78,
    "active": true
  }
},
{
  "model": "hall.seat",
  "pk": 79,
  "fields": {
    "name": "F03",
    "row": "F",
    "num_in_row": "3",
    "number": 79,
    "active": true
  }
},
{
  "model": "hall.seat",
  "pk": 80,
  "fields": {
    "name": "F04",
    "row": "F",
    "num_in_row": "4",
    "number": 80,
    "active": true
  }
},
{
  "model": "hall.seat",
  "pk": 81,
  "fields": {
    "name": "F05",
    "row": "F",
    "num_in_row": "5",
    "number": 81,
    "active": true
  }
},
{
  "model": "hall.seat",
  "pk": 82,
  "fields": {
    "name": "F06",
    "row": "F",
    "num_in_row": "6",
    "number": 82,
    "active": true
  }
},
{
  "model": "hall.seat",
  "pk": 83,
  "fields": {
    "name": "F07",
    "row": "F",
    "num_in_row": "7",
    "number": 83,
    "active": true
  }
},
{
  "model": "hall.seat",
  "pk": 84,
  "fields": {
    "name": "F08",
    "row": "F",
    "num_in_row": "8",
    "number": 84,
    "active": true
  }
},
{
  "model": "hall.seat",
  "pk": 85,
  "fields": {
    "name": "F09",
    "row": "F",
    "num_in_row": "9",
    "number": 85,
    "active": true
  }
},
{
  "model": "hall.seat",
  "pk": 86,
  "fields": {
    "name": "F10",
    "row": "F",
    "num_in_row": "10",
    "number": 86,
    "active": true
  }
},
{
  "model": "hall.seat",
  "pk": 87,
  "fields": {
    "name": "F11",
    "row": "F",
    "num_in_row": "11",
    "number": 87,
    "active": true
  }
},
{
  "model": "hall.seat",
  "pk": 88,
  "fields": {
    "name": "F12",
    "row": "F",
    "num_in_row": "12",
    "number": 88,
    "active": true
  }
},
{
  "model": "hall.seat",
  "pk": 89,
  "fields": {
    "name": "F13",
    "row": "F",
    "num_in_row": "13",
    "number": 89,
    "active": true
  }
},
{
  "model": "hall.seat",
  "pk": 90,
  "fields": {
    "name": "F14",
    "row": "F",
    "num_in_row": "14",
    "number": 90,
    "active": true
  }
},
{
  "model": "hall.seat",
  "pk": 91,
  "fields": {
    "name": "F15",
    "row": "F",
    "num_in_row": "15",
    "number": 91,
    "active": true
  }
},
{
  "model": "hall.seat",
  "pk": 92,
  "fields": {
    "name": "F16",
    "row": "F",
    "num_in_row": "16",
    "number": 92,
    "active": true
  }
},
{
  "model": "hall.seat",
  "pk": 93,
  "fields": {
    "name": "F17",
    "row": "F",
    "num_in_row": "17",
    "number": 93,
    "active": true
  }
},
{
  "model": "hall.seat",
  "pk": 94,
  "fields": {
    "name": "F18",
    "row": "F",
    "num_in_row": "18",
    "number": 94,
    "active": true
  }
},
{
  "model": "hall.seat",
  "pk": 95,
  "fields": {
    "name": "F19",
    "row": "F",
    "num_in_row": "19",
    "number": 95,
    "active": true
  }
},
{
  "model": "hall.seat",
  "pk": 96,
  "fields": {
    "name": "G02",
    "row": "G",
    "num_in_row": "2",
    "number": 96,
    "active": true
  }
},
{
  "model": "hall.seat",
  "pk": 97,
  "fields": {
    "name": "G03",
    "row": "G",
    "num_in_row": "3",
    "number": 97,
    "active": true
  }
},
{
  "model": "hall.seat",
  "pk": 98,
  "fields": {
    "name": "G04",
    "row": "G",
    "num_in_row": "4",
    "number": 98,
    "active": true
  }
},
{
  "model": "hall.seat",
  "pk": 99,
  "fields": {
    "name": "G05",
    "row": "G",
    "num_in_row": "5",
    "number": 99,
    "active": true
  }
},
{
  "model": "hall.seat",
  "pk": 100,
  "fields": {
    "name": "G06",
    "row": "G",
    "num_in_row": "6",
    "number": 100,
    "active": true
  }
},
{
  "model": "hall.seat",
  "pk": 101,
  "fields": {
    "name": "G07",
    "row": "G",
    "num_in_row": "7",
    "number": 101,
    "active": true
  }
},
{
  "model": "hall.seat",
  "pk": 102,
  "fields": {
    "name": "G08",
    "row": "G",
    "num_in_row": "8",
    "number": 102,
    "active": true
  }
},
{
  "model": "hall.seat",
  "pk": 103,
  "fields": {
    "name": "G09",
    "row": "G",
    "num_in_row": "9",
    "number": 103,
    "active": true
  }
},
{
  "model": "hall.seat",
  "pk": 104,
  "fields": {
    "name": "G10",
    "row": "G",
    "num_in_row": "10",
    "number": 104,
    "active": true
  }
},
{
  "model": "hall.seat",
  "pk": 105,
  "fields": {
    "name": "G11",
    "row": "G",
    "num_in_row": "11",
    "number": 105,
    "active": true
  }
},
{
  "model": "hall.seat",
  "pk": 106,
  "fields": {
    "name": "G12",
    "row": "G",
    "num_in_row": "12",
    "number": 106,
    "active": true
  }
},
{
  "model": "hall.seat",
  "pk": 107,
  "fields": {
    "name": "G13",
    "row": "G",
    "num_in_row": "13",
    "number": 107,
    "active": true
  }
},
{
  "model": "hall.seat",
  "pk": 108,
  "fields": {
    "name": "G14",
    "row": "G",
    "num_in_row": "14",
    "number": 108,
    "active": true
  }
},
{
  "model": "hall.seat",
  "pk": 109,
  "fields": {
    "name": "G15",
    "row": "G",
    "num_in_row": "15",
    "number": 109,
    "active": true
  }
},
{
  "model": "hall.seat",
  "pk": 110,
  "fields": {
    "name": "G16",
    "row": "G",
    "num_in_row": "16",
    "number": 110,
    "active": true
  }
},
{
  "model": "hall.seat",
  "pk": 111,
  "fields": {
    "name": "G17",
    "row": "G",
    "num_in_row": "17",
    "number": 111,
    "active": true
  }
},
{
  "model": "hall.seat",
  "pk": 112,
  "fields": {
    "name": "G18",
    "row": "G",
    "num_in_row": "18",
    "number": 112,
    "active": true
  }
},
{
  "model": "hall.seat",
  "pk": 113,
  "fields": {
    "name": "G19",
    "row": "G",
    "num_in_row": "19",
    "number": 113,
    "active": true
  }
},
{
  "model": "hall.seat",
  "pk": 114,
  "fields": {
    "name": "H02",
    "row": "H",
    "num_in_row": "2",
    "number": 114,
    "active": true
  }
},
{
  "model": "hall.seat",
  "pk": 115,
  "fields": {
    "name": "H03",
    "row": "H",
    "num_in_row": "3",
    "number": 115,
    "active": true
  }
},
{
  "model": "hall.seat",
  "pk": 116,
  "fields": {
    "name": "H04",
    "row": "H",
    "num_in_row": "4",
    "number": 116,
    "active": true
  }
},
{
  "model": "hall.seat",
  "pk": 117,
  "fields": {
    "name": "H05",
    "row": "H",
    "num_in_row": "5",
    "number": 117,
    "active": true
  }
},
{
  "model": "hall.seat",
  "pk": 118,
  "fields": {
    "name": "H06",
    "row": "H",
    "num_in_row": "6",
    "number": 118,
    "active": true
  }
},
{
  "model": "hall.seat",
  "pk": 119,
  "fields": {
    "name": "H07",
    "row": "H",
    "num_in_row": "7",
    "number": 119,
    "active": true
  }
},
{
  "model": "hall.seat",
  "pk": 120,
  "fields": {
    "name": "H08",
    "row": "H",
    "num_in_row": "8",
    "number": 120,
    "active": true
  }
},
{
  "model": "hall.seat",
  "pk": 121,
  "fields": {
    "name": "H09",
    "row": "H",
    "num_in_row": "9",
    "number": 121,
    "active": true
  }
},
{
  "model": "hall.seat",
  "pk": 122,
  "fields": {
    "name": "H10",
    "row": "H",
    "num_in_row": "10",
    "number": 122,
    "active": true
  }
},
{
  "model": "hall.seat",
  "pk": 123,
  "fields": {
    "name": "H11",
    "row": "H",
    "num_in_row": "11",
    "number": 123,
    "active": true
  }
},
{
  "model": "hall.seat",
  "pk": 124,
  "fields": {
    "name": "H12",
    "row": "H",
    "num_in_row": "12",
    "number": 124,
    "active": true
  }
},
{
  "model": "hall.seat",
  "pk": 125,
  "fields": {
    "name": "H13",
    "row": "H",
    "num_in_row": "13",
    "number": 125,
    "active": true
  }
},
{
  "model": "hall.seat",
  "pk": 126,
  "fields": {
    "name": "H14",
    "row": "H",
    "num_in_row": "14",
    "number": 126,
    "active": true
  }
},
{
  "model": "hall.seat",
  "pk": 127,
  "fields": {
    "name": "H15",
    "row": "H",
    "num_in_row": "15",
    "number": 127,
    "active": true
  }
},
{
  "model": "hall.seat",
  "pk": 128,
  "fields": {
    "name": "H16",
    "row": "H",
    "num_in_row": "16",
    "number": 128,
    "active": true
  }
},
{
  "model": "hall.seat",
  "pk": 129,
  "fields": {
    "name": "H17",
    "row": "H",
    "num_in_row": "17",
    "number": 129,
    "active": true
  }
},
{
  "model": "hall.seat",
  "pk": 130,
  "fields": {
    "name": "H18",
    "row": "H",
    "num_in_row": "18",
    "number": 130,
    "active": true
  }
},
{
  "model": "hall.seat",
  "pk": 131,
  "fields": {
    "name": "H19",
    "row": "H",
    "num_in_row": "19",
    "number": 131,
    "active": true
  }
},
{
  "model": "hall.seat",
  "pk": 132,
  "fields": {
    "name": "I02",
    "row": "I",
    "num_in_row": "2",
    "number": 132,
    "active": true
  }
},
{
  "model": "hall.seat",
  "pk": 133,
  "fields": {
    "name": "I03",
    "row": "I",
    "num_in_row": "3",
    "number": 133,
    "active": true
  }
},
{
  "model": "hall.seat",
  "pk": 134,
  "fields": {
    "name": "I04",
    "row": "I",
    "num_in_row": "4",
    "number": 134,
    "active": true
  }
},
{
  "model": "hall.seat",
  "pk": 135,
  "fields": {
    "name": "I05",
    "row": "I",
    "num_in_row": "5",
    "number": 135,
    "active": true
  }
},
{
  "model": "hall.seat",
  "pk": 136,
  "fields": {
    "name": "I06",
    "row": "I",
    "num_in_row": "6",
    "number": 136,
    "active": true
  }
},
{
  "model": "hall.seat",
  "pk": 137,
  "fields": {
    "name": "I07",
    "row": "I",
    "num_in_row": "7",
    "number": 137,
    "active": true
  }
},
{
  "model": "hall.seat",
  "pk": 138,
  "fields": {
    "name": "I08",
    "row": "I",
    "num_in_row": "8",
    "number": 138,
    "active": true
  }
},
{
  "model": "hall.seat",
  "pk": 139,
  "fields": {
    "name": "I09",
    "row": "I",
    "num_in_row": "9",
    "number": 139,
    "active": true
  }
},
{
  "model": "hall.seat",
  "pk": 140,
  "fields": {
    "name": "I10",
    "row": "I",
    "num_in_row": "10",
    "number": 140,
    "active": true
  }
},
{
  "model": "hall.seat",
  "pk": 141,
  "fields": {
    "name": "I11",
    "row": "I",
    "num_in_row": "11",
    "number": 141,
    "active": true
  }
},
{
  "model": "hall.seat",
  "pk": 142,
  "fields": {
    "name": "I12",
    "row": "I",
    "num_in_row": "12",
    "number": 142,
    "active": true
  }
},
{
  "model": "hall.seat",
  "pk": 143,
  "fields": {
    "name": "I13",
    "row": "I",
    "num_in_row": "13",
    "number": 143,
    "active": true
  }
},
{
  "model": "hall.seat",
  "pk": 144,
  "fields": {
    "name": "I14",
    "row": "I",
    "num_in_row": "14",
    "number": 144,
    "active": true
  }
},
{
  "model": "hall.seat",
  "pk": 145,
  "fields": {
    "name": "I15",
    "row": "I",
    "num_in_row": "15",
    "number": 145,
    "active": true
  }
},
{
  "model": "hall.seat",
  "pk": 146,
  "fields": {
    "name": "I16",
    "row": "I",
    "num_in_row": "16",
    "number": 146,
    "active": true
  }
},
{
  "model": "hall.seat",
  "pk": 147,
  "fields": {
    "name": "I17",
    "row": "I",
    "num_in_row": "17",
    "number": 147,
    "active": true
  }
},
{
  "model": "hall.seat",
  "pk": 148,
  "fields": {
    "name": "I18",
    "row": "I",
    "num_in_row": "18",
    "number": 148,
    "active": true
  }
},
{
  "model": "hall.seat",
  "pk": 149,
  "fields": {
    "name": "I19",
    "row": "I",
    "num_in_row": "19",
    "number": 149,
    "active": true
  }
},
{
  "model": "hall.seat",
  "pk": 150,
  "fields": {
    "name": "L02",
    "row": "L",
    "num_in_row": "2",
    "number": 150,
    "active": true
  }
},
{
  "model": "hall.seat",
  "pk": 151,
  "fields": {
    "name": "L03",
    "row": "L",
    "num_in_row": "3",
    "number": 151,
    "active": true
  }
},
{
  "model": "hall.seat",
  "pk": 152,
  "fields": {
    "name": "L04",
    "row": "L",
    "num_in_row": "4",
    "number": 152,
    "active": true
  }
},
{
  "model": "hall.seat",
  "pk": 153,
  "fields": {
    "name": "L05",
    "row": "L",
    "num_in_row": "5",
    "number": 153,
    "active": true
  }
},
{
  "model": "hall.seat",
  "pk": 154,
  "fields": {
    "name": "L06",
    "row": "L",
    "num_in_row": "6",
    "number": 154,
    "active": true
  }
},
{
  "model": "hall.seat",
  "pk": 155,
  "fields": {
    "name": "L07",
    "row": "L",
    "num_in_row": "7",
    "number": 155,
    "active": true
  }
},
{
  "model": "hall.seat",
  "pk": 156,
  "fields": {
    "name": "L08",
    "row": "L",
    "num_in_row": "8",
    "number": 156,
    "active": true
  }
},
{
  "model": "hall.seat",
  "pk": 157,
  "fields": {
    "name": "L09",
    "row": "L",
    "num_in_row": "9",
    "number": 157,
    "active": true
  }
},
{
  "model": "hall.seat",
  "pk": 158,
  "fields": {
    "name": "L10",
    "row": "L",
    "num_in_row": "10",
    "number": 158,
    "active": true
  }
},
{
  "model": "hall.seat",
  "pk": 159,
  "fields": {
    "name": "L11",
    "row": "L",
    "num_in_row": "11",
    "number": 159,
    "active": true
  }
},
{
  "model": "hall.seat",
  "pk": 160,
  "fields": {
    "name": "L12",
    "row": "L",
    "num_in_row": "12",
    "number": 160,
    "active": true
  }
},
{
  "model": "hall.seat",
  "pk": 161,
  "fields": {
    "name": "L13",
    "row": "L",
    "num_in_row": "13",
    "number": 161,
    "active": true
  }
},
{
  "model": "hall.seat",
  "pk": 162,
  "fields": {
    "name": "L14",
    "row": "L",
    "num_in_row": "14",
    "number": 162,
    "active": true
  }
},
{
  "model": "hall.seat",
  "pk": 163,
  "fields": {
    "name": "L15",
    "row": "L",
    "num_in_row": "15",
    "number": 163,
    "active": true
  }
},
{
  "model": "hall.seat",
  "pk": 164,
  "fields": {
    "name": "L16",
    "row": "L",
    "num_in_row": "16",
    "number": 164,
    "active": true
  }
},
{
  "model": "hall.seat",
  "pk": 165,
  "fields": {
    "name": "L17",
    "row": "L",
    "num_in_row": "17",
    "number": 165,
    "active": true
  }
},
{
  "model": "hall.seat",
  "pk": 166,
  "fields": {
    "name": "L18",
    "row": "L",
    "num_in_row": "18",
    "number": 166,
    "active": true
  }
},
{
  "model": "hall.seat",
  "pk": 167,
  "fields": {
    "name": "L19",
    "row": "L",
    "num_in_row": "19",
    "number": 167,
    "active": true
  }
},
{
  "model": "hall.seat",
  "pk": 168,
  "fields": {
    "name": "M02",
    "row": "M",
    "num_in_row": "2",
    "number": 168,
    "active": true
  }
},
{
  "model": "hall.seat",
  "pk": 169,
  "fields": {
    "name": "M03",
    "row": "M",
    "num_in_row": "3",
    "number": 169,
    "active": true
  }
},
{
  "model": "hall.seat",
  "pk": 170,
  "fields": {
    "name": "M04",
    "row": "M",
    "num_in_row": "4",
    "number": 170,
    "active": true
  }
},
{
  "model": "hall.seat",
  "pk": 171,
  "fields": {
    "name": "M05",
    "row": "M",
    "num_in_row": "5",
    "number": 171,
    "active": true
  }
},
{
  "model": "hall.seat",
  "pk": 172,
  "fields": {
    "name": "M06",
    "row": "M",
    "num_in_row": "6",
    "number": 172,
    "active": true
  }
},
{
  "model": "hall.seat",
  "pk": 173,
  "fields": {
    "name": "M07",
    "row": "M",
    "num_in_row": "7",
    "number": 173,
    "active": true
  }
},
{
  "model": "hall.seat",
  "pk": 174,
  "fields": {
    "name": "M08",
    "row": "M",
    "num_in_row": "8",
    "number": 174,
    "active": true
  }
},
{
  "model": "hall.seat",
  "pk": 175,
  "fields": {
    "name": "M09",
    "row": "M",
    "num_in_row": "9",
    "number": 175,
    "active": true
  }
},
{
  "model": "hall.seat",
  "pk": 176,
  "fields": {
    "name": "M10",
    "row": "M",
    "num_in_row": "10",
    "number": 176,
    "active": true
  }
},
{
  "model": "hall.seat",
  "pk": 177,
  "fields": {
    "name": "M11",
    "row": "M",
    "num_in_row": "11",
    "number": 177,
    "active": true
  }
},
{
  "model": "hall.seat",
  "pk": 178,
  "fields": {
    "name": "M12",
    "row": "M",
    "num_in_row": "12",
    "number": 178,
    "active": true
  }
},
{
  "model": "hall.seat",
  "pk": 179,
  "fields": {
    "name": "M13",
    "row": "M",
    "num_in_row": "13",
    "number": 179,
    "active": true
  }
},
{
  "model": "hall.seat",
  "pk": 180,
  "fields": {
    "name": "M14",
    "row": "M",
    "num_in_row": "14",
    "number": 180,
    "active": true
  }
},
{
  "model": "hall.seat",
  "pk": 181,
  "fields": {
    "name": "M15",
    "row": "M",
    "num_in_row": "15",
    "number": 181,
    "active": true
  }
},
{
  "model": "hall.seat",
  "pk": 182,
  "fields": {
    "name": "M16",
    "row": "M",
    "num_in_row": "16",
    "number": 182,
    "active": true
  }
},
{
  "model": "hall.seat",
  "pk": 183,
  "fields": {
    "name": "M17",
    "row": "M",
    "num_in_row": "17",
    "number": 183,
    "active": true
  }
},
{
  "model": "hall.seat",
  "pk": 184,
  "fields": {
    "name": "M18",
    "row": "M",
    "num_in_row": "18",
    "number": 184,
    "active": true
  }
},
{
  "model": "hall.seat",
  "pk": 185,
  "fields": {
    "name": "M19",
    "row": "M",
    "num_in_row": "19",
    "number": 185,
    "active": true
  }
},
{
  "model": "hall.seat",
  "pk": 186,
  "fields": {
    "name": "N02",
    "row": "N",
    "num_in_row": "2",
    "number": 186,
    "active": true
  }
},
{
  "model": "hall.seat",
  "pk": 187,
  "fields": {
    "name": "N03",
    "row": "N",
    "num_in_row": "3",
    "number": 187,
    "active": true
  }
},
{
  "model": "hall.seat",
  "pk": 188,
  "fields": {
    "name": "N04",
    "row": "N",
    "num_in_row": "4",
    "number": 188,
    "active": true
  }
},
{
  "model": "hall.seat",
  "pk": 189,
  "fields": {
    "name": "N05",
    "row": "N",
    "num_in_row": "5",
    "number": 189,
    "active": true
  }
},
{
  "model": "hall.seat",
  "pk": 190,
  "fields": {
    "name": "N06",
    "row": "N",
    "num_in_row": "6",
    "number": 190,
    "active": true
  }
},
{
  "model": "hall.seat",
  "pk": 191,
  "fields": {
    "name": "N07",
    "row": "N",
    "num_in_row": "7",
    "number": 191,
    "active": true
  }
},
{
  "model": "hall.seat",
  "pk": 192,
  "fields": {
    "name": "N08",
    "row": "N",
    "num_in_row": "8",
    "number": 192,
    "active": true
  }
},
{
  "model": "hall.seat",
  "pk": 193,
  "fields": {
    "name": "N09",
    "row": "N",
    "num_in_row": "9",
    "number": 193,
    "active": true
  }
},
{
  "model": "hall.seat",
  "pk": 194,
  "fields": {
    "name": "N10",
    "row": "N",
    "num_in_row": "10",
    "number": 194,
    "active": true
  }
},
{
  "model": "hall.seat",
  "pk": 195,
  "fields": {
    "name": "N11",
    "row": "N",
    "num_in_row": "11",
    "number": 195,
    "active": true
  }
},
{
  "model": "hall.seat",
  "pk": 196,
  "fields": {
    "name": "N12",
    "row": "N",
    "num_in_row": "12",
    "number": 196,
    "active": true
  }
},
{
  "model": "hall.seat",
  "pk": 197,
  "fields": {
    "name": "N13",
    "row": "N",
    "num_in_row": "13",
    "number": 197,
    "active": true
  }
},
{
  "model": "hall.seat",
  "pk": 198,
  "fields": {
    "name": "N14",
    "row": "N",
    "num_in_row": "14",
    "number": 198,
    "active": true
  }
},
{
  "model": "hall.seat",
  "pk": 199,
  "fields": {
    "name": "N15",
    "row": "N",
    "num_in_row": "15",
    "number": 199,
    "active": true
  }
},
{
  "model": "hall.seat",
  "pk": 200,
  "fields": {
    "name": "N16",
    "row": "N",
    "num_in_row": "16",
    "number": 200,
    "active": true
  }
},
{
  "model": "hall.seat",
  "pk": 201,
  "fields": {
    "name": "N17",
    "row": "N",
    "num_in_row": "17",
    "number": 201,
    "active": true
  }
},
{
  "model": "hall.seat",
  "pk": 202,
  "fields": {
    "name": "N18",
    "row": "N",
    "num_in_row": "18",
    "number": 202,
    "active": true
  }
},
{
  "model": "hall.seat",
  "pk": 203,
  "fields": {
    "name": "N19",
    "row": "N",
    "num_in_row": "19",
    "number": 203,
    "active": true
  }
},
{
  "model": "hall.seat",
  "pk": 204,
  "fields": {
    "name": "O01",
    "row": "O",
    "num_in_row": "1",
    "number": 204,
    "active": true
  }
},
{
  "model": "hall.seat",
  "pk": 205,
  "fields": {
    "name": "O02",
    "row": "O",
    "num_in_row": "2",
    "number": 205,
    "active": true
  }
},
{
  "model": "hall.seat",
  "pk": 206,
  "fields": {
    "name": "O03",
    "row": "O",
    "num_in_row": "3",
    "number": 206,
    "active": true
  }
},
{
  "model": "hall.seat",
  "pk": 207,
  "fields": {
    "name": "O04",
    "row": "O",
    "num_in_row": "4",
    "number": 207,
    "active": true
  }
},
{
  "model": "hall.seat",
  "pk": 208,
  "fields": {
    "name": "O05",
    "row": "O",
    "num_in_row": "5",
    "number": 208,
    "active": true
  }
},
{
  "model": "hall.seat",
  "pk": 209,
  "fields": {
    "name": "O06",
    "row": "O",
    "num_in_row": "6",
    "number": 209,
    "active": true
  }
},
{
  "model": "hall.seat",
  "pk": 210,
  "fields": {
    "name": "O07",
    "row": "O",
    "num_in_row": "7",
    "number": 210,
    "active": true
  }
},
{
  "model": "hall.seat",
  "pk": 211,
  "fields": {
    "name": "O08",
    "row": "O",
    "num_in_row": "8",
    "number": 211,
    "active": true
  }
},
{
  "model": "hall.seat",
  "pk": 212,
  "fields": {
    "name": "O09",
    "row": "O",
    "num_in_row": "9",
    "number": 212,
    "active": true
  }
},
{
  "model": "hall.seat",
  "pk": 213,
  "fields": {
    "name": "O10",
    "row": "O",
    "num_in_row": "10",
    "number": 213,
    "active": true
  }
},
{
  "model": "hall.seat",
  "pk": 214,
  "fields": {
    "name": "O11",
    "row": "O",
    "num_in_row": "11",
    "number": 214,
    "active": true
  }
},
{
  "model": "hall.seat",
  "pk": 215,
  "fields": {
    "name": "O12",
    "row": "O",
    "num_in_row": "12",
    "number": 215,
    "active": true
  }
},
{
  "model": "hall.seat",
  "pk": 216,
  "fields": {
    "name": "O13",
    "row": "O",
    "num_in_row": "13",
    "number": 216,
    "active": true
  }
},
{
  "model": "hall.seat",
  "pk": 217,
  "fields": {
    "name": "O14",
    "row": "O",
    "num_in_row": "14",
    "number": 217,
    "active": true
  }
},
{
  "model": "hall.seat",
  "pk": 218,
  "fields": {
    "name": "O15",
    "row": "O",
    "num_in_row": "15",
    "number": 218,
    "active": true
  }
},
{
  "model": "hall.seat",
  "pk": 219,
  "fields": {
    "name": "O16",
    "row": "O",
    "num_in_row": "16",
    "number": 219,
    "active": true
  }
},
{
  "model": "hall.seat",
  "pk": 220,
  "fields": {
    "name": "O17",
    "row": "O",
    "num_in_row": "17",
    "number": 220,
    "active": true
  }
},
{
  "model": "hall.seat",
  "pk": 221,
  "fields": {
    "name": "O18",
    "row": "O",
    "num_in_row": "18",
    "number": 221,
    "active": true
  }
},
{
  "model": "hall.seat",
  "pk": 222,
  "fields": {
    "name": "O19",
    "row": "O",
    "num_in_row": "19",
    "number": 222,
    "active": true
  }
},
{
  "model": "hall.seat",
  "pk": 223,
  "fields": {
    "name": "O20",
    "row": "O",
    "num_in_row": "20",
    "number": 223,
    "active": true
  }
},
{
  "model": "hall.seat",
  "pk": 224,
  "fields": {
    "name": "P01",
    "row": "P",
    "num_in_row": "1",
    "number": 224,
    "active": true
  }
},
{
  "model": "hall.seat",
  "pk": 225,
  "fields": {
    "name": "P02",
    "row": "P",
    "num_in_row": "2",
    "number": 225,
    "active": true
  }
},
{
  "model": "hall.seat",
  "pk": 226,
  "fields": {
    "name": "P03",
    "row": "P",
    "num_in_row": "3",
    "number": 226,
    "active": true
  }
},
{
  "model": "hall.seat",
  "pk": 227,
  "fields": {
    "name": "P04",
    "row": "P",
    "num_in_row": "4",
    "number": 227,
    "active": true
  }
},
{
  "model": "hall.seat",
  "pk": 228,
  "fields": {
    "name": "P05",
    "row": "P",
    "num_in_row": "5",
    "number": 228,
    "active": true
  }
},
{
  "model": "hall.seat",
  "pk": 229,
  "fields": {
    "name": "P06",
    "row": "P",
    "num_in_row": "6",
    "number": 229,
    "active": true
  }
},
{
  "model": "hall.seat",
  "pk": 230,
  "fields": {
    "name": "P07",
    "row": "P",
    "num_in_row": "7",
    "number": 230,
    "active": true
  }
},
{
  "model": "hall.seat",
  "pk": 231,
  "fields": {
    "name": "P08",
    "row": "P",
    "num_in_row": "8",
    "number": 231,
    "active": true
  }
},
{
  "model": "hall.seat",
  "pk": 232,
  "fields": {
    "name": "P09",
    "row": "P",
    "num_in_row": "9",
    "number": 232,
    "active": true
  }
},
{
  "model": "hall.seat",
  "pk": 233,
  "fields": {
    "name": "P10",
    "row": "P",
    "num_in_row": "10",
    "number": 233,
    "active": true
  }
},
{
  "model": "hall.seat",
  "pk": 234,
  "fields": {
    "name": "P11",
    "row": "P",
    "num_in_row": "11",
    "number": 234,
    "active": true
  }
},
{
  "model": "hall.seat",
  "pk": 235,
  "fields": {
    "name": "P12",
    "row": "P",
    "num_in_row": "12",
    "number": 235,
    "active": true
  }
},
{
  "model": "hall.seat",
  "pk": 236,
  "fields": {
    "name": "P13",
    "row": "P",
    "num_in_row": "13",
    "number": 236,
    "active": true
  }
},
{
  "model": "hall.seat",
  "pk": 237,
  "fields": {
    "name": "P14",
    "row": "P",
    "num_in_row": "14",
    "number": 237,
    "active": true
  }
},
{
  "model": "hall.seat",
  "pk": 238,
  "fields": {
    "name": "P15",
    "row": "P",
    "num_in_row": "15",
    "number": 238,
    "active": true
  }
},
{
  "model": "hall.seat",
  "pk": 239,
  "fields": {
    "name": "P16",
    "row": "P",
    "num_in_row": "16",
    "number": 239,
    "active": true
  }
},
{
  "model": "hall.seat",
  "pk": 240,
  "fields": {
    "name": "P17",
    "row": "P",
    "num_in_row": "17",
    "number": 240,
    "active": true
  }
},
{
  "model": "hall.seat",
  "pk": 241,
  "fields": {
    "name": "P18",
    "row": "P",
    "num_in_row": "18",
    "number": 241,
    "active": true
  }
},
{
  "model": "hall.seat",
  "pk": 242,
  "fields": {
    "name": "P19",
    "row": "P",
    "num_in_row": "19",
    "number": 242,
    "active": true
  }
},
{
  "model": "hall.seat",
  "pk": 243,
  "fields": {
    "name": "P20",
    "row": "P",
    "num_in_row": "20",
    "number": 243,
    "active": true
  }
},
{
  "model": "hall.seat",
  "pk": 244,
  "fields": {
    "name": "Q01",
    "row": "Q",
    "num_in_row": "1",
    "number": 244,
    "active": true
  }
},
{
  "model": "hall.seat",
  "pk": 245,
  "fields": {
    "name": "Q02",
    "row": "Q",
    "num_in_row": "2",
    "number": 245,
    "active": true
  }
},
{
  "model": "hall.seat",
  "pk": 246,
  "fields": {
    "name": "Q03",
    "row": "Q",
    "num_in_row": "3",
    "number": 246,
    "active": true
  }
},
{
  "model": "hall.seat",
  "pk": 247,
  "fields": {
    "name": "Q04",
    "row": "Q",
    "num_in_row": "4",
    "number": 247,
    "active": true
  }
},
{
  "model": "hall.seat",
  "pk": 248,
  "fields": {
    "name": "Q05",
    "row": "Q",
    "num_in_row": "5",
    "number": 248,
    "active": true
  }
},
{
  "model": "hall.seat",
  "pk": 249,
  "fields": {
    "name": "Q06",
    "row": "Q",
    "num_in_row": "6",
    "number": 249,
    "active": true
  }
},
{
  "model": "hall.seat",
  "pk": 250,
  "fields": {
    "name": "Q07",
    "row": "Q",
    "num_in_row": "7",
    "number": 250,
    "active": true
  }
},
{
  "model": "hall.seat",
  "pk": 251,
  "fields": {
    "name": "Q08",
    "row": "Q",
    "num_in_row": "8",
    "number": 251,
    "active": true
  }
},
{
  "model": "hall.seat",
  "pk": 252,
  "fields": {
    "name": "Q09",
    "row": "Q",
    "num_in_row": "9",
    "number": 252,
    "active": true
  }
},
{
  "model": "hall.seat",
  "pk": 253,
  "fields": {
    "name": "Q10",
    "row": "Q",
    "num_in_row": "10",
    "number": 253,
    "active": true
  }
},
{
  "model": "hall.seat",
  "pk": 254,
  "fields": {
    "name": "Q11",
    "row": "Q",
    "num_in_row": "11",
    "number": 254,
    "active": true
  }
},
{
  "model": "hall.seat",
  "pk": 255,
  "fields": {
    "name": "Q12",
    "row": "Q",
    "num_in_row": "12",
    "number": 255,
    "active": true
  }
},
{
  "model": "hall.seat",
  "pk": 256,
  "fields": {
    "name": "Q13",
    "row": "Q",
    "num_in_row": "13",
    "number": 256,
    "active": true
  }
},
{
  "model": "hall.seat",
  "pk": 257,
  "fields": {
    "name": "Q14",
    "row": "Q",
    "num_in_row": "14",
    "number": 257,
    "active": true
  }
},
{
  "model": "hall.seat",
  "pk": 258,
  "fields": {
    "name": "Q15",
    "row": "Q",
    "num_in_row": "15",
    "number": 258,
    "active": true
  }
},
{
  "model": "hall.seat",
  "pk": 259,
  "fields": {
    "name": "Q16",
    "row": "Q",
    "num_in_row": "16",
    "number": 259,
    "active": true
  }
},
{
  "model": "hall.seat",
  "pk": 260,
  "fields": {
    "name": "Q17",
    "row": "Q",
    "num_in_row": "17",
    "number": 260,
    "active": true
  }
},
{
  "model": "hall.seat",
  "pk": 261,
  "fields": {
    "name": "Q18",
    "row": "Q",
    "num_in_row": "18",
    "number": 261,
    "active": true
  }
},
{
  "model": "hall.seat",
  "pk": 262,
  "fields": {
    "name": "Q19",
    "row": "Q",
    "num_in_row": "19",
    "number": 262,
    "active": true
  }
},
{
  "model": "hall.seat",
  "pk": 263,
  "fields": {
    "name": "Q20",
    "row": "Q",
    "num_in_row": "20",
    "number": 263,
    "active": true
  }
},
{
  "model": "hall.row",
  "pk": 1,
  "fields": {
    "name": "A",
    "offset_start": 4,
    "offset_end": 2,
    "is_active": false
  }
},
{
  "model": "hall.row",
  "pk": 2,
  "fields": {
    "name": "B",
    "offset_start": 3,
    "offset_end": 2,
    "is_active": false
  }
},
{
  "model": "hall.row",
  "pk": 3,
  "fields": {
    "name": "C",
    "offset_start": 2,
    "offset_end": 2,
    "is_active": true
  }
},
{
  "model": "hall.row",
  "pk": 4,
  "fields": {
    "name": "D",
    "offset_start": 2,
    "offset_end": 2,
    "is_active": true
  }
},
{
  "model": "hall.row",
  "pk": 5,
  "fields": {
    "name": "E",
    "offset_start": 2,
    "offset_end": 2,
    "is_active": true
  }
},
{
  "model": "hall.row",
  "pk": 6,
  "fields": {
    "name": "F",
    "offset_start": 1,
    "offset_end": 1,
    "is_active": true
  }
},
{
  "model": "hall.row",
  "pk": 7,
  "fields": {
    "name": "G",
    "offset_start": 1,
    "offset_end": 1,
    "is_active": true
  }
},
{
  "model": "hall.row",
  "pk": 8,
  "fields": {
    "name": "H",
    "offset_start": 1,
    "offset_end": 1,
    "is_active": true
  }
},
{
  "model": "hall.row",
  "pk": 9,
  "fields": {
    "name": "I",
    "offset_start": 1,
    "offset_end": 1,
    "is_active": true
  }
},
{
  "model": "hall.row",
  "pk": 10,
  "fields": {
    "name": "L",
    "offset_start": 1,
    "offset_end": 1,
    "is_active": true
  }
},
{
  "model": "hall.row",
  "pk": 11,
  "fields": {
    "name": "M",
    "offset_start": 1,
    "offset_end": 1,
    "is_active": true
  }
},
{
  "model": "hall.row",
  "pk": 12,
  "fields": {
    "name": "N",
    "offset_start": 1,
    "offset_end": 1,
    "is_active": true
  }
},
{
  "model": "hall.row",
  "pk": 13,
  "fields": {
    "name": "O",
    "offset_start": 0,
    "offset_end": 0,
    "is_active": true
  }
},
{
  "model": "hall.row",
  "pk": 14,
  "fields": {
    "name": "P",
    "offset_start": 0,
    "offset_end": 0,
    "is_active": true
  }
},
{
  "model": "hall.row",
  "pk": 15,
  "fields": {
    "name": "Q",
    "offset_start": 0,
    "offset_end": 0,
    "is_active": true
  }
}
]
